[smart-school.in/index.html]
[backblue.gif]
[fade.gif]
[index.html]
[smart-school.in/assets/admin/assets/img/s-favican.png]
[smart-school.in/assets/admin/assets/css/material-design.css]
[smart-school.in/assets/admin/assets/css/font-awesome.min.css]
[smart-school.in/assets/admin/assets/css/bootstrap.min.css]
[smart-school.in/assets/admin/assets/css/style.css]
[smart-school.in/assets/admin/assets/css/animate.css]
[smart-school.in/assets/admin/assets/css/demo.css]
[smart-school.in/assets/admin/assets/css/bootstrap-select.min.css]
[smart-school.in/assets/admin/assets/img/logo.png]
[smart-school.in/feature.html]
[smart-school.in/demo.html]
[smart-school.in/how-it-work.html]
[smart-school.in/articles.html]
[smart-school.in/faq.html]
[smart-school.in/docs/index.html]
[smart-school.in/category/changelog.html]
[smart-school.in/category/known-issues.html]
[smart-school.in/assets/admin/assets/img/main-bg.jpg]
[smart-school.in/assets/admin/assets/img/slide-right.png]
[smart-school.in/assets/admin/assets/img/google-play.png]
[smart-school.in/assets/admin/assets/img/qd-new.png]
[smart-school.in/assets/admin/assets/js/jquery.min.js]
[smart-school.in/assets/admin/assets/js/bootstrap.min.js]
[smart-school.in/assets/admin/assets/js/scrolling-nav.js]
[smart-school.in/assets/admin/assets/js/support-qdocs.js]
[smart-school.in/assets/admin/assets/js/qdocs-kite.js]
[smart-school.in/assets/admin/assets/js/jquery.easing.min.js]
[smart-school.in/assets/admin/assets/js/wodry.min.js]
[smart-school.in/assets/admin/assets/js/bootstrap-select.min.js]
[smart-school.in/assets/admin/assets/js/wow.min.js]
[smart-school.in/index.html]
[smart-school.in/assets/admin/assets/fonts/material.woff2]
[smart-school.in/assets/admin/assets/css/material-design.css]
[smart-school.in/assets/admin/assets/fonts/fontawesome-webfont3e6e.eot]
[smart-school.in/assets/admin/assets/fonts/fontawesome-webfontd41d.eot]
[smart-school.in/assets/admin/assets/fonts/fontawesome-webfont3e6e.woff2]
[smart-school.in/assets/admin/assets/fonts/fontawesome-webfont3e6e.woff]
[smart-school.in/assets/admin/assets/fonts/fontawesome-webfont3e6e.ttf]
[smart-school.in/assets/admin/assets/css/font-awesome.min.css]
[smart-school.in/assets/admin/assets/css/bootstrap.min.css]
[smart-school.in/assets/admin/assets/img/arrow-left.png]
[smart-school.in/assets/admin/assets/img/arrow-right.png]
[smart-school.in/assets/admin/assets/css/style.css]
[smart-school.in/assets/admin/assets/css/animate.css]
[smart-school.in/assets/admin/assets/css/demo.css]
[smart-school.in/assets/admin/assets/css/bootstrap-select.min.css]
[smart-school.in/assets/admin/assets/img/regular.png]
[smart-school.in/assets/admin/assets/img/responsive.png]
[smart-school.in/assets/admin/assets/img/multiuser.png]
[smart-school.in/assets/admin/assets/img/pdf.png]
[smart-school.in/assets/admin/assets/img/codeigniter.png]
[smart-school.in/assets/admin/assets/img/developer.png]
[smart-school.in/assets/admin/assets/img/student.png]
[smart-school.in/assets/admin/assets/img/easy.png]
[smart-school.in/assets/admin/assets/img/language.png]
[smart-school.in/assets/admin/assets/img/routine.png]
[smart-school.in/assets/admin/assets/img/homework.png]
[smart-school.in/assets/admin/assets/img/parent-monitor.png]
[smart-school.in/assets/admin/assets/img/chart.png]
[smart-school.in/assets/admin/assets/img/exam-marks.png]
[smart-school.in/assets/admin/assets/img/profile-system.png]
[smart-school.in/assets/admin/assets/img/transport.png]
[smart-school.in/assets/admin/assets/img/hostel.png]
[smart-school.in/assets/admin/assets/img/library.png]
[smart-school.in/assets/admin/assets/img/best.png]
[smart-school.in/assets/admin/assets/img/internal.png]
[smart-school.in/assets/admin/assets/img/daily.png]
[smart-school.in/assets/admin/assets/img/sibling.png]
[smart-school.in/assets/admin/assets/img/class-section.png]
[smart-school.in/assets/admin/assets/img/database.png]
[smart-school.in/assets/admin/assets/img/print.png]
[smart-school.in/assets/admin/assets/img/accounting.png]
[smart-school.in/assets/admin/assets/img/sms.png]
[smart-school.in/assets/admin/assets/img/manual.png]
[smart-school.in/assets/admin/assets/img/paypal.png]
[smart-school.in/assets/admin/assets/img/aesthetically.png]
[smart-school.in/feature.html]
[smart-school.in/assets/admin/assets/img/features.png]
[smart-school.in/demo.html]
[smart-school.in/assets/admin/assets/img/feature/admission.png]
[smart-school.in/assets/admin/assets/img/feature/promote.png]
[smart-school.in/assets/admin/assets/img/feature/feescollection.png]
[smart-school.in/assets/admin/assets/img/feature/feesdiscount.png]
[smart-school.in/assets/admin/assets/img/feature/feesallotment.png]
[smart-school.in/assets/admin/assets/img/feature/collectfess.png]
[smart-school.in/assets/admin/assets/img/feature/addsiblings.png]
[smart-school.in/assets/admin/assets/img/feature/searchstudent.png]
[smart-school.in/assets/admin/assets/img/feature/studentcategories.png]
[smart-school.in/assets/admin/assets/img/feature/profilesystem.png]
[smart-school.in/assets/admin/assets/img/feature/schoolexpense.png]
[smart-school.in/assets/admin/assets/img/feature/stusentattendance.png]
[smart-school.in/assets/admin/assets/img/feature/examination.png]
[smart-school.in/assets/admin/assets/img/feature/examschedule.png]
[smart-school.in/assets/admin/assets/img/feature/markregister.png]
[smart-school.in/assets/admin/assets/img/feature/marksgrade.png]
[smart-school.in/assets/admin/assets/img/feature/classgeade.png]
[smart-school.in/assets/admin/assets/img/feature/subject.png]
[smart-school.in/assets/admin/assets/img/feature/assignsubject.png]
[smart-school.in/assets/admin/assets/img/feature/classtimetable.png]
[smart-school.in/assets/admin/assets/img/feature/downloadcenter.png]
[smart-school.in/assets/admin/assets/img/feature/librarymanagement.png]
[smart-school.in/assets/admin/assets/img/feature/addbook.png]
[smart-school.in/assets/admin/assets/img/feature/booksissue.png]
[smart-school.in/assets/admin/assets/img/feature/schooltransport.png]
[smart-school.in/assets/admin/assets/img/feature/transportroutes.png]
[smart-school.in/assets/admin/assets/img/feature/hostel.png]
[smart-school.in/assets/admin/assets/img/feature/communicate.png]
[smart-school.in/assets/admin/assets/img/feature/studentreport.png]
[smart-school.in/assets/admin/assets/img/feature/feesstatement.png]
[smart-school.in/assets/admin/assets/img/feature/blancefess.png]
[smart-school.in/assets/admin/assets/img/feature/transactionreport.png]
[smart-school.in/assets/admin/assets/img/feature/attendancereport.png]
[smart-school.in/assets/admin/assets/img/feature/exammarks.png]
[smart-school.in/assets/admin/assets/img/feature/generalsettings.png]
[smart-school.in/assets/admin/assets/img/feature/academicsession.png]
[smart-school.in/assets/admin/assets/img/feature/smagateways.png]
[smart-school.in/assets/admin/assets/img/feature/emailengines.png]
[smart-school.in/assets/admin/assets/img/feature/internetpayment.png]
[smart-school.in/assets/admin/assets/img/feature/backuprestore.png]
[smart-school.in/assets/admin/assets/img/feature/multiplalanguages.png]
[smart-school.in/assets/admin/assets/img/feature/rtl.png]
[smart-school.in/assets/admin/assets/img/feature/regularfree.png]
[smart-school.in/assets/admin/assets/img/feature/parentmonitoring.png]
[smart-school.in/assets/admin/assets/img/feature/exportdate.png]
[smart-school.in/assets/admin/assets/img/feature/userinterface.png]
[smart-school.in/assets/admin/assets/img/feature/beautiful.png]
[smart-school.in/assets/admin/assets/img/feature/userrole.png]
[smart-school.in/assets/admin/assets/img/feature/internalmassaging.png]
[smart-school.in/assets/admin/assets/img/feature/printrecords.png]
[smart-school.in/assets/admin/assets/img/feature/homework.png]
[smart-school.in/assets/admin/assets/img/feature/chartgraph.png]
[smart-school.in/assets/admin/assets/img/feature/exammarksmana.png]
[smart-school.in/assets/admin/assets/img/feature/aesthetically.png]
[smart-school.in/assets/admin/assets/img/feature/accounting.png]
[smart-school.in/assets/admin/assets/img/feature/codeigniter.png]
[smart-school.in/assets/admin/assets/img/feature/developer.png]
[smart-school.in/assets/admin/assets/img/feature/easy.png]
[smart-school.in/assets/admin/assets/img/feature/bestquality.png]
[smart-school.in/how-it-work.html]
[smart-school.in/category/getting-started.html]
[smart-school.in/article/general-overview.html]
[smart-school.in/article/configure-smart-school-to-use-in-local-lan-network.html]
[smart-school.in/category/installation.html]
[smart-school.in/article/server-requirements.html]
[smart-school.in/article/404-or-page-not-found-error-during-installation.html]
[smart-school.in/article/cpanel-installation.html]
[smart-school.in/article/xampp-installation.html]
[smart-school.in/article/wamp-installation.html]
[smart-school.in/category/system-update.html]
[smart-school.in/article/updating-smart-school-from-previous-version-to-latest-version.html]
[smart-school.in/category/common-issues-troubleshooting.html]
[smart-school.in/article/404-or-page-not-found-error-in-installation.html]
[smart-school.in/article/enabling-ssl-in-smart-school.html]
[smart-school.in/article/unable-to-login-or-missing-login-url.html]
[smart-school.in/article/to-port-or-move-smart-school-on-new-server.html]
[smart-school.in/article/only_full_group_by-issue-on-server.html]
[smart-school.in/category/faq.html]
[smart-school.in/article/can-i-use-special-character-in-smart-school.html]
[smart-school.in/article/how-to-restrict-teacher-to-access-only-their-assigned-student-data.html]
[smart-school.in/article/how-to-assign-fees-to-student-in-smart-school.html]
[smart-school.in/article/want-to-know-about-smart-school-biometric-attendance-app.html]
[smart-school.in/article/what-is-the-difference-between-examination-and-online-examination.html]
[smart-school.in/category/miscellaneous.html]
[smart-school.in/article/about-chat.html]
[smart-school.in/article/about-calendar.html]
[smart-school.in/article/how-to-add-new-event-in-calendar.html]
[smart-school.in/article/how-to-add-to-do-list.html]
[smart-school.in/article/how-to-add-contact-in-chat.html]
[smart-school.in/category/system-settings.html]
[smart-school.in/article/about-system-settings.html]
[smart-school.in/article/about-id-auto-generation.html]
[smart-school.in/article/how-to-manage-attendance-type.html]
[smart-school.in/article/how-to-manage-miscellaneous.html]
[smart-school.in/article/how-to-manage-maintenance.html]
[smart-school.in/category/academics.html]
[smart-school.in/article/about-academics.html]
[smart-school.in/article/how-to-add-section.html]
[smart-school.in/article/how-to-add-class.html]
[smart-school.in/article/how-to-assign-class-teacher.html]
[smart-school.in/article/how-to-add-subjects.html]
[smart-school.in/category/cbse-examination.html]
[smart-school.in/article/about-cbse-examination.html]
[smart-school.in/article/how-to-add-assessment-in-cbse-examination.html]
[smart-school.in/article/how-to-add-the-term-in-cbse-examination.html]
[smart-school.in/article/how-to-add-the-observation-parameter-in-cbse-examination.html]
[smart-school.in/article/how-to-add-observation-in-cbse-examination.html]
[smart-school.in/category/online-admission.html]
[smart-school.in/article/about-online-admission.html]
[smart-school.in/article/how-to-manage-online-admission-setting.html]
[smart-school.in/article/how-to-fill-online-admission-form.html]
[smart-school.in/article/how-to-review-online-admission-form-details.html]
[smart-school.in/article/how-to-print-online-admission-form-receipt.html]
[smart-school.in/category/student-information.html]
[smart-school.in/article/about-student-information.html]
[smart-school.in/article/how-to-check-student-yearly-session-attendance-in-his-profile-page-from-the-superadmin-side.html]
[smart-school.in/article/how-to-check-parent-login-credential-report.html]
[smart-school.in/article/how-to-assign-fees-during-student-enrolment.html]
[smart-school.in/article/how-to-check-class-section-report.html]
[smart-school.in/category/fees-collection.html]
[smart-school.in/article/about-fees-collection.html]
[smart-school.in/article/how-to-add-fees-type.html]
[smart-school.in/article/how-to-add-fees-group.html]
[smart-school.in/article/how-to-add-fees-master.html]
[smart-school.in/article/how-to-add-fees-discount.html]
[smart-school.in/category/examinations.html]
[smart-school.in/article/about-examination.html]
[smart-school.in/article/how-to-add-marks-grade.html]
[smart-school.in/article/how-to-add-exam-group.html]
[smart-school.in/article/how-to-assignview-student-for-exam.html]
[smart-school.in/article/how-to-add-subject-in-exam.html]
[smart-school.in/category/online-examinations.html]
[smart-school.in/article/about-online-examination.html]
[smart-school.in/article/how-to-add-question-bank.html]
[smart-school.in/article/how-to-import-question-in-question-bank.html]
[smart-school.in/article/how-to-add-online-exam.html]
[smart-school.in/category/front-cms.html]
[smart-school.in/article/how-to-add-question-on-particular-exam.html]
[smart-school.in/article/about-front-cms.html]
[smart-school.in/article/how-to-add-menus.html]
[smart-school.in/article/how-to-upload-file-in-media-manager.html]
[smart-school.in/article/how-to-add-pages.html]
[smart-school.in/article/how-to-add-event.html]
[smart-school.in/article/about-multi-branch.html]
[smart-school.in/category/multi-branch.html]
[smart-school.in/article/how-to-edit-a-branch.html]
[smart-school.in/article/how-to-delete-the-branch.html]
[smart-school.in/article/how-to-switch-the-branch.html]
[smart-school.in/category/online-course.html]
[smart-school.in/article/about-online-course.html]
[smart-school.in/article/how-to-add-course.html]
[smart-school.in/article/how-to-add-the-new-branch-in-smart-school-home-branch.html]
[smart-school.in/article/how-to-order-section.html]
[smart-school.in/article/how-to-publishunpublish-course.html]
[smart-school.in/article/how-to-check-online-course-from-student-panel.html]
[smart-school.in/category/behaviour-records.html]
[smart-school.in/article/about-behaviour-records.html]
[smart-school.in/article/how-to-edit-the-incidents-in-the-incident-list.html]
[smart-school.in/article/how-to-check-the-list-of-incidents.html]
[smart-school.in/article/how-to-delete-an-incident-from-the-incident-list.html]
[smart-school.in/article/how-to-add-the-incidents.html]
[smart-school.in/category/two-factor-authentication.html]
[smart-school.in/article/about-two-factor-authentication.html]
[smart-school.in/article/how-to-enable-disable-two-factor-authentication.html]
[smart-school.in/article/how-to-setup-2fa.html]
[smart-school.in/article/how-to-install-the-google-authenticator-app-on-a-mobile-device.html]
[smart-school.in/article/how-to-delete-the-2fa-account-for-superadmin-or-staff.html]
[smart-school.in/article/how-to-generate-the-zoom-api-credential.html]
[smart-school.in/category/zoom-live-classes.html]
[smart-school.in/article/about-zoom-live-class.html]
[smart-school.in/article/how-to-configure-zoom-live-class.html]
[smart-school.in/article/how-to-enabledisable-teacher-api-credential.html]
[smart-school.in/article/how-to-enabled-disabled-the-parent-for-zoom-live-classes.html]
[smart-school.in/category/gmeet-live-class.html]
[smart-school.in/article/about-gmeet-live-classes.html]
[smart-school.in/article/how-to-get-gmeet-url.html]
[smart-school.in/article/how-to-create-gmeet-live-class.html]
[smart-school.in/article/how-to-join-gmeet-live-class.html]
[smart-school.in/article/how-to-check-gmeet-live-class-report.html]
[smart-school.in/category/lesson-plan.html]
[smart-school.in/article/about-lesson-plan.html]
[smart-school.in/article/how-to-add-lesson.html]
[smart-school.in/article/how-to-add-topic.html]
[smart-school.in/article/how-to-add-lesson-plan.html]
[smart-school.in/article/how-to-manage-syllabus-status.html]
[smart-school.in/category/attendance.html]
[smart-school.in/article/how-to-mark-student-attendance.html]
[smart-school.in/article/how-to-check-student-attendance-by-date.html]
[smart-school.in/article/how-to-check-student-attendance-report.html]
[smart-school.in/article/how-to-check-student-attendance-type-report.html]
[smart-school.in/article/how-to-check-staff-attendance-report-1.html]
[smart-school.in/category/qr-code-attendance.html]
[smart-school.in/article/about-qr-code-attendance.html]
[smart-school.in/article/how-to-disabled-the-auto-attendance-and-mark-the-attendance-of-student-and-staff-using-qr-code-barcode.html]
[smart-school.in/article/how-to-check-the-student-day-wise-attendance-report.html]
[smart-school.in/article/how-to-enable-the-auto-attendance-and-mark-the-attendance-of-student-and-staff-using-qr-code-barcode.html]
[smart-school.in/article/how-to-check-staff-day-wise-attendance-report-1.html]
[smart-school.in/category/alumni.html]
[smart-school.in/article/about-alumni.html]
[smart-school.in/article/how-to-add-alumni.html]
[smart-school.in/article/how-to-create-alumni-events.html]
[smart-school.in/article/alumni-report.html]
[smart-school.in/category/front-office.html]
[smart-school.in/article/about-front-office.html]
[smart-school.in/article/how-to-setup-front-office.html]
[smart-school.in/article/how-to-add-student-admission-enquiry.html]
[smart-school.in/article/how-to-add-visitor-book.html]
[smart-school.in/article/how-to-add-phone-call-log.html]
[smart-school.in/category/human-resource.html]
[smart-school.in/article/about-human-resource.html]
[smart-school.in/article/how-to-add-department.html]
[smart-school.in/article/how-to-add-designation.html]
[smart-school.in/article/how-to-add-leave-type.html]
[smart-school.in/article/how-to-add-staff-directory.html]
[smart-school.in/category/certificate.html]
[smart-school.in/article/about-certificate.html]
[smart-school.in/article/how-to-add-student-certificate.html]
[smart-school.in/article/how-to-generate-certificate.html]
[smart-school.in/article/how-to-add-student-id-card.html]
[smart-school.in/article/how-to-generate-id-card.html]
[smart-school.in/category/hostel.html]
[smart-school.in/article/about-hostel.html]
[smart-school.in/article/how-to-add-hostel.html]
[smart-school.in/article/how-to-add-room-type.html]
[smart-school.in/article/how-to-add-hostel-rooms.html]
[smart-school.in/article/how-to-check-hostel-report.html]
[smart-school.in/category/transport.html]
[smart-school.in/article/about-transport.html]
[smart-school.in/article/how-to-create-routes.html]
[smart-school.in/article/how-to-add-vehicles.html]
[smart-school.in/article/how-to-assign-vehicle-to-the-route.html]
[smart-school.in/article/how-to-assign-route-to-student.html]
[smart-school.in/category/inventory.html]
[smart-school.in/article/about-inventory.html]
[smart-school.in/article/how-to-create-item-category.html]
[smart-school.in/article/how-to-add-item-store.html]
[smart-school.in/article/how-to-add-item-supplier.html]
[smart-school.in/article/how-to-add-item.html]
[smart-school.in/category/library.html]
[smart-school.in/article/about-library.html]
[smart-school.in/article/how-to-add-book.html]
[smart-school.in/article/how-to-add-student-as-library-member.html]
[smart-school.in/article/how-to-add-staff-member-as-library-member.html]
[smart-school.in/article/how-to-issuereturn-books.html]
[smart-school.in/category/homework.html]
[smart-school.in/article/about-homework.html]
[smart-school.in/article/how-to-add-homework.html]
[smart-school.in/article/how-to-evaluate-homework.html]
[smart-school.in/article/how-to-check-daily-assignment-report.html]
[smart-school.in/article/how-to-check-homework-evaluation-report-2.html]
[smart-school.in/category/download-center.html]
[smart-school.in/article/about-download-center.html]
[smart-school.in/article/how-to-add-content-type.html]
[smart-school.in/article/how-to-view-content-share-list.html]
[smart-school.in/article/how-to-upload-and-share-content.html]
[smart-school.in/article/how-to-add-video-tutorial.html]
[smart-school.in/category/communicate.html]
[smart-school.in/article/about-communicate.html]
[smart-school.in/article/how-to-post-new-message-in-notice-board.html]
[smart-school.in/article/how-to-send-email.html]
[smart-school.in/article/how-to-send-sms.html]
[smart-school.in/article/how-to-view-email-sms-log.html]
[smart-school.in/category/expenses.html]
[smart-school.in/article/about-expense.html]
[smart-school.in/article/how-to-add-expense-head.html]
[smart-school.in/article/how-to-search-expense.html]
[smart-school.in/article/how-to-add-expense.html]
[smart-school.in/article/how-to-check-expense-report.html]
[smart-school.in/category/income.html]
[smart-school.in/article/about-income.html]
[smart-school.in/article/how-to-add-income-head.html]
[smart-school.in/article/how-to-add-income.html]
[smart-school.in/article/how-to-check-income-report.html]
[smart-school.in/category/studentparent-panel.html]
[smart-school.in/article/how-to-search-income.html]
[smart-school.in/article/about-studentparent-panel.html]
[smart-school.in/article/how-to-view-video-tutorial-from-student-site.html]
[smart-school.in/article/how-to-add-daily-assignment-from-the-student-side.html]
[smart-school.in/article/how-student-can-view-their-yearly-session-attendance-from-student-panel.html]
[smart-school.in/article/how-to-see-student-dashboard.html]
[smart-school.in/category/changelog/smart-school-android-app.html]
[smart-school.in/category/changelog/smart-school.html]
[smart-school.in/category/changelog/smart-school-cbse-examination.html]
[smart-school.in/category/changelog/smart-school-two-factor-authentication.html]
[smart-school.in/category/changelog/smart-school-multi-branch.html]
[smart-school.in/category/changelog/smart-school-behaviour-records.html]
[smart-school.in/category/changelog/smart-school-zoom-live-class.html]
[smart-school.in/category/changelog/smart-school-gmeet-live-class.html]
[smart-school.in/category/changelog/smart-school-online-course.html]
[smart-school.in/category/changelog/smart-school-qr-code-attendance.html]
[smart-school.in/assets/front/ads/zoom.jpg]
[smart-school.in/article/version-1-0-9.html]
[smart-school.in/article/version-4-1-1.html]
[smart-school.in/article/version-7-0-1.html]
[smart-school.in/articles.html]
[smart-school.in/article/how-to-enabled-disabled-the-parent-for-gmeet-live-classes.html]
[smart-school.in/assets/article-media/unable-smartschool-version.png]
[smart-school.in/article/email-send-not-working.html]
[smart-school.in/assets/article-media/teacher_restricted_mode.png]
[smart-school.in/assets/article-media/subject.png]
[smart-school.in/assets/article-media/startday.png]
[smart-school.in/assets/article-media/Screenshot-9531-.png]
[smart-school.in/assets/article-media/Screenshot-9542-.png]
[smart-school.in/assets/article-media/set.png]
[smart-school.in/ssba-docs/index.html]
[smart-school.in/assets/front/ads/android-app.jpg]
[smart-school.in/faq.html]
[smart-school.in/docs/assets/images/s-favicon.png]
[smart-school.in/docs/assets/css/bootstrap.min.css]
[smart-school.in/docs/assets/css/font-awesome.min.css]
[smart-school.in/docs/assets/css/docmain.min.css]
[smart-school.in/docs/assets/css/_all-skins.min.css]
[smart-school.in/docs/assets/css/style.css]
[smart-school.in/docs/assets/images/logo.png]
[smart-school.in/docs/assets/images/qdocs-square-logo.png]
[smart-school.in/docs/assets/images/qdocs.png]
[smart-school.in/docs/assets/images/install1.png]
[smart-school.in/docs/assets/images/install2.png]
[smart-school.in/docs/assets/images/install3.png]
[smart-school.in/docs/assets/images/install4.png]
[smart-school.in/docs/assets/images/update_file_list.png]
[smart-school.in/article/how-to-manage-language.html]
[smart-school.in/docs/assets/js/jquery-2.2.3.min.js]
[smart-school.in/docs/assets/js/bootstrap.min.js]
[smart-school.in/docs/assets/js/jquery.easing.min.js]
[smart-school.in/docs/assets/js/custom.js]
[smart-school.in/docs/assets/js/fastclick.min.js]
[smart-school.in/docs/assets/js/app.min.js]
[smart-school.in/docs/assets/js/jquery.slimscroll.min.js]
[smart-school.in/docs/assets/js/docs.js]
[smart-school.in/docs/assets/js/jquery.singlePageNav.min.js]
[smart-school.in/docs/index.html]
[smart-school.in/assets/front/ads/online-course.jpg]
[smart-school.in/category/changelog.html]
[smart-school.in/category/known-issues.html]
[smart-school.in/assets/admin/assets/img/dungeon-solid.svg]
[smart-school.in/assets/admin/assets/fonts/fontawesome-webfont3e6e.svg]
[smart-school.in/assets/admin/assets/img/arrow-left.html]
[smart-school.in/assets/admin/assets/img/arrow-right.html]
[smart-school.in/assets/admin/assets/img/bg.html]
[smart-school.in/assets/front/ads/google-meet.jpg]
[smart-school.in/category/getting-started.html]
[smart-school.in/assets/article-media/02SS.png]
[smart-school.in/assets/article-media/03SS.png]
[smart-school.in/assets/article-media/01SS.png]
[smart-school.in/assets/article-media/logos.png]
[smart-school.in/assets/article-media/sms.png]
[smart-school.in/assets/article-media/Payment Methods.png]
[smart-school.in/assets/article-media/04SS.png]
[smart-school.in/assets/article-media/ss001.png]
[smart-school.in/assets/article-media/section.png]
[smart-school.in/assets/article-media/subjects.png]
[smart-school.in/assets/article-media/05SS.png]
[smart-school.in/assets/article-media/ss03.png]
[smart-school.in/article/general-overview.html]
[smart-school.in/article/configure-smart-school-to-use-in-local-lan-network.html]
[smart-school.in/article/iis-windows-server-installation.html]
[smart-school.in/article/nginx-installation.html]
[smart-school.in/article/installation-issue.html]
[smart-school.in/category/installation.html]
[smart-school.in/article/unable-to-connect-my-mysql-database.html]
[smart-school.in/article/server-requirements.html]
[smart-school.in/article/404-or-page-not-found-error-during-installation.html]
[smart-school.in/article/cpanel-installation.html]
[smart-school.in/article/xampp-installation.html]
[smart-school.in/article/wamp-installation.html]
[smart-school.in/category/system-update.html]
[smart-school.in/article/updating-smart-school-from-previous-version-to-latest-version.html]
[smart-school.in/article/lan-access-networking-setup.html]
[smart-school.in/article/image-upload-not-working-in-media-manager.html]
[smart-school.in/article/logo-is-not-updating.html]
[smart-school.in/article/after-adding-staff-or-student-no-email-is-receiving-1.html]
[smart-school.in/article/unable-to-download-database-sql-file.html]
[smart-school.in/article/avoid-using-special-character.html]
[smart-school.in/article/does-unicode-character-for-languages-supported-in-data-export-of-table-or-datatable-1.html]
[smart-school.in/category/common-issues-troubleshooting.html]
[smart-school.in/article/404-or-page-not-found-error-in-installation.html]
[smart-school.in/article/i-can’t-see-the-online-admission-payment-link-page-from-where-student-can-pay-online.html]
[smart-school.in/article/enabling-ssl-in-smart-school.html]
[smart-school.in/article/unable-to-login-or-missing-login-url.html]
[smart-school.in/article/to-port-or-move-smart-school-on-new-server.html]
[smart-school.in/assets/article-media/22/only_full_group_by.png]
[smart-school.in/article/only_full_group_by-issue-on-server.html]
[smart-school.in/article/how-to-add-subscription-fees-in-smart-school.html]
[smart-school.in/article/unable-to-login-into-student-account.html]
[smart-school.in/article/how-to-set-start-day-of-week-sequence-at-timetable.html]
[smart-school.in/article/how-to-change-text-label-in-smart-school.html]
[smart-school.in/article/can-i-use-smart-school-without-internet-on-localhost-installation.html]
[smart-school.in/article/can-i-use-smart-school-on-localhost-or-local-lan-network.html]
[smart-school.in/article/how-to-enable-display-error-message.html]
[smart-school.in/article/how-to-find-my-envato-market-purchase-code-for-an-item.html]
[smart-school.in/article/i-have-question-where-should-i-ask.html]
[smart-school.in/article/does-smart-school-support-3-decimals-places.html]
[smart-school.in/article/how-to-check-what-version-i-am-using.html]
[smart-school.in/article/what-are-the-server-requirements-for-installing-or-running-smart-school.html]
[smart-school.in/article/does-smart-school-support-rtl-direction-for-languages.html]
[smart-school.in/article/is-rtl-supported-on-pdf-or-exported-documents.html]
[smart-school.in/article/does-unicode-character-for-languages-supported-in-data-export-of-table-or-datatable.html]
[smart-school.in/article/after-adding-staff-or-student-no-email-is-receiving.html]
[smart-school.in/category/faq.html]
[smart-school.in/article/can-i-use-smart-school-as-saas-or-multi-school-application.html]
[smart-school.in/article/can-i-use-special-character-in-smart-school.html]
[smart-school.in/article/how-to-restrict-teacher-to-access-only-their-assigned-student-data.html]
[smart-school.in/article/how-to-assign-fees-to-student-in-smart-school.html]
[smart-school.in/article/want-to-know-about-smart-school-biometric-attendance-app.html]
[smart-school.in/article/what-is-the-difference-between-examination-and-online-examination.html]
[smart-school.in/category/miscellaneous.html]
[smart-school.in/assets/article-media/chat-about.png]
[smart-school.in/article/about-chat.html]
[smart-school.in/assets/article-media/calendar-about.png]
[smart-school.in/article/about-calendar.html]
[smart-school.in/assets/article-media/calendar-add-event.png]
[smart-school.in/assets/article-media/calendar-event.png]
[smart-school.in/article/how-to-add-new-event-in-calendar.html]
[smart-school.in/assets/article-media/calendar-add-todolist.png]
[smart-school.in/article/how-to-add-to-do-list.html]
[smart-school.in/assets/article-media/chat-chatsytem.png]
[smart-school.in/assets/article-media/chat-add-contact.png]
[smart-school.in/assets/article-media/chat-window.png]
[smart-school.in/article/how-to-add-contact-in-chat.html]
[smart-school.in/article/how-to-manage-fees-settings.html]
[smart-school.in/article/how-to-manage-student-guardian-panel.html]
[smart-school.in/article/how-to-register-android-mobile-app.html]
[smart-school.in/article/how-to-manage-backend-theme.html]
[smart-school.in/article/how-to-change-login-page-background.html]
[smart-school.in/article/how-to-update-logo.html]
[smart-school.in/article/how-to-manage-general-setting.html]
[smart-school.in/article/how-to-manage-session-setting.html]
[smart-school.in/article/how-to-manage-notification-setting.html]
[smart-school.in/article/how-to-manage-sms-setting.html]
[smart-school.in/article/how-to-manage-email-setting.html]
[smart-school.in/article/how-to-manage-payment-methods-gateway.html]
[smart-school.in/article/how-to-add-print-header-footer.html]
[smart-school.in/article/how-to-manage-front-cms-setting.html]
[smart-school.in/article/how-to-add-roles-permission.html]
[smart-school.in/article/how-to-manage-backup-restore-process.html]
[smart-school.in/article/how-to-enabledisable-users.html]
[smart-school.in/article/how-to-manage-modules.html]
[smart-school.in/article/how-to-add-custom-field.html]
[smart-school.in/article/how-to-enable-captcha-in-smart-school.html]
[smart-school.in/article/how-to-disable-system-field.html]
[smart-school.in/article/student-profile-update.html]
[smart-school.in/article/how-to-allowed-fileimage-type-extension.html]
[smart-school.in/category/system-settings.html]
[smart-school.in/article/how-to-check-system-update.html]
[smart-school.in/assets/article-media/settings.png]
[smart-school.in/article/about-system-settings.html]
[smart-school.in/assets/article-media/03 enabled student admission no auto generations.png]
[smart-school.in/assets/article-media/05 enabled staff id auto genration.png]
[smart-school.in/article/about-id-auto-generation.html]
[smart-school.in/assets/article-media/01 system settingss.png]
[smart-school.in/assets/article-media/02 day wise attendance.png]
[smart-school.in/assets/article-media/Screenshot 2023-02-25 at 15-14-49 Mount Carmel School.png]
[smart-school.in/assets/article-media/03 period attendance.png]
[smart-school.in/assets/article-media/04 period attendance by date.png]
[smart-school.in/assets/article-media/05 disabled biometric attendance.png]
[smart-school.in/assets/article-media/06 enabled biometric attendance.png]
[smart-school.in/assets/article-media/07 copy first details for.png]
[smart-school.in/assets/article-media/000 Devices (Separate By Comma).png]
[smart-school.in/assets/article-media/01 low attendance limit.png]
[smart-school.in/assets/article-media/02 attendance not set.png]
[smart-school.in/assets/article-media/04 student site low attendance.png]
[smart-school.in/assets/article-media/06 maximum attendance notification from student site.png]
[smart-school.in/article/how-to-manage-attendance-type.html]
[smart-school.in/assets/article-media/01 enabled show me only my questions.png]
[smart-school.in/assets/article-media/02 disabled show me only my questions.png]
[smart-school.in/assets/article-media/09 system setting exam result disabled.png]
[smart-school.in/assets/article-media/10 system setting exam result enabled.png]
[smart-school.in/assets/article-media/11 exam result in front site.png]
[smart-school.in/assets/article-media/01 Teacher Restricted Mode.png]
[smart-school.in/assets/article-media/02 Enabled teacher restricted mode.png]
[smart-school.in/assets/article-media/01 superadmin visibility.png]
[smart-school.in/assets/article-media/05 new admin site superadmin visibility enabled.png]
[smart-school.in/assets/article-media/04 new admin site superadmin visibility disabled.png]
[smart-school.in/assets/article-media/01 disabled event reminder.png]
[smart-school.in/assets/article-media/02 enabled event reminder.png]
[smart-school.in/assets/article-media/01 staff apply leave notification.png]
[smart-school.in/article/how-to-manage-miscellaneous.html]
[smart-school.in/assets/article-media/03 disabled maintenance.png]
[smart-school.in/assets/article-media/01 enabled maintenance.png]
[smart-school.in/assets/article-media/02 Site-Under-Maintenance.png]
[smart-school.in/article/how-to-manage-maintenance.html]
[smart-school.in/article/how-to-add-subject-group.html]
[smart-school.in/article/how-to-add-class-timetable.html]
[smart-school.in/article/how-to-promote-student.html]
[smart-school.in/article/how-student-can-view-class-timetable.html]
[smart-school.in/article/how-to-view-teacher-timetable.html]
[smart-school.in/category/academics.html]
[smart-school.in/article/how-to-promote-students-for-next-session.html]
[smart-school.in/assets/article-media/academic-about.png]
[smart-school.in/article/about-academics.html]
[smart-school.in/assets/article-media/acadenic-add-section.png]
[smart-school.in/article/how-to-add-section.html]
[smart-school.in/assets/article-media/academic-add-class.png]
[smart-school.in/article/how-to-add-class.html]
[smart-school.in/assets/article-media/academic-assignclassteacher.png]
[smart-school.in/article/how-to-assign-class-teacher.html]
[smart-school.in/assets/article-media/academic-add-subject.png]
[smart-school.in/article/how-to-add-subjects.html]
[smart-school.in/article/how-to-add-the-assign-observation-in-cbse-examination.html]
[smart-school.in/article/how-to-add-the-exam-grade-in-cbse-examination.html]
[smart-school.in/article/how-to-add-the-exam-in-cbse-examination.html]
[smart-school.in/article/how-to-assign-view-student-in-cbse-examination.html]
[smart-school.in/article/how-to-add-exam-subjects-in-cbse-examination.html]
[smart-school.in/article/how-to-check-exam-schedule-in-cbse-examination.html]
[smart-school.in/article/how-to-add-marks-in-cbse-examination.html]
[smart-school.in/article/how-to-add-attendance-and-teacher-remark-in-cbse-examination.html]
[smart-school.in/article/how-to-generate-the-exam-wise-rank-in-cbse-examination.html]
[smart-school.in/article/how-to-add-the-template-in-cbse-examination.html]
[smart-school.in/article/how-to-link-the-exam-with-template-in-cbse-examination.html]
[smart-school.in/article/how-to-generate-the-template-wise-rank-in-cbse-examination.html]
[smart-school.in/article/how-to-take-the-print-of-marksheet-in-cbse-examination.html]
[smart-school.in/article/how-to-check-exam-result-and-exam-schedule-from-student-side.html]
[smart-school.in/article/how-to-show-cbse-exam-result-tab-on-front-site.html]
[smart-school.in/article/how-to-check-template-marks-report-in-cbse-examination.html]
[smart-school.in/category/cbse-examination.html]
[smart-school.in/article/about-cbse-examination.html]
[smart-school.in/article/how-to-check-the-subject-marks-report-cbse-examination.html]
[smart-school.in/assets/article-media/01I.png]
[smart-school.in/assets/article-media/02I.png]
[smart-school.in/assets/article-media/03I.png]
[smart-school.in/assets/article-media/ddI.png]
[smart-school.in/assets/article-media/04I.png]
[smart-school.in/article/how-to-add-the-term-in-cbse-examination.html]
[smart-school.in/assets/article-media/01x.png]
[smart-school.in/assets/article-media/02x.png]
[smart-school.in/assets/article-media/03x.png]
[smart-school.in/assets/article-media/05x.png]
[smart-school.in/assets/article-media/06x.png]
[smart-school.in/article/how-to-add-assessment-in-cbse-examination.html]
[smart-school.in/assets/article-media/01d.png]
[smart-school.in/assets/article-media/02d.png]
[smart-school.in/assets/article-media/03d.png]
[smart-school.in/article/how-to-add-the-observation-parameter-in-cbse-examination.html]
[smart-school.in/assets/article-media/01c.png]
[smart-school.in/assets/article-media/02c.png]
[smart-school.in/assets/article-media/03c.png]
[smart-school.in/assets/article-media/04c.png]
[smart-school.in/assets/article-media/05c.png]
[smart-school.in/assets/article-media/06c.png]
[smart-school.in/assets/article-media/07c.png]
[smart-school.in/article/how-to-add-observation-in-cbse-examination.html]
[smart-school.in/article/how-to-check-online-admission-student-list.html]
[smart-school.in/category/online-admission.html]
[smart-school.in/article/how-to-check-online-admission-fees-collection-report.html]
[smart-school.in/assets/article-media/onlineadmission-about.png]
[smart-school.in/article/about-online-admission.html]
[smart-school.in/assets/article-media/01 online admission.png]
[smart-school.in/assets/article-media/02 online admission front site.png]
[smart-school.in/assets/article-media/onlineadmission-menu.png]
[smart-school.in/assets/article-media/onlineadmission-edit-menu.png]
[smart-school.in/assets/article-media/onlineadmission-manage-fields-setting.png]
[smart-school.in/article/how-to-manage-online-admission-setting.html]
[smart-school.in/assets/article-media/onlineadmission-form.png]
[smart-school.in/assets/article-media/onlineadmission-reviewdetail.png]
[smart-school.in/assets/article-media/onlineadmission-payment.png]
[smart-school.in/assets/article-media/onlineadmission-termcondition.png]
[smart-school.in/assets/article-media/onlineadmission-payment-success.png]
[smart-school.in/assets/article-media/onlineadmission-check-payment-status.png]
[smart-school.in/assets/article-media/onlineadmission-edit-form.png]
[smart-school.in/article/how-to-fill-online-admission-form.html]
[smart-school.in/assets/article-media/onlineadmission-check-reviewdetails.png]
[smart-school.in/assets/article-media/onlineadmission-check-reviewdetails-2.png]
[smart-school.in/assets/article-media/onlineadmission-enrolled_error.png]
[smart-school.in/article/how-to-review-online-admission-form-details.html]
[smart-school.in/assets/article-media/onlineadmission-print-review-details.png]
[smart-school.in/assets/article-media/onlineadmission-print-receipt.png]
[smart-school.in/article/how-to-print-online-admission-form-receipt.html]
[smart-school.in/article/how-to-create-student-categories.html]
[smart-school.in/article/how-to-add-student-house.html]
[smart-school.in/article/how-to-conduct-student-admissions-offline.html]
[smart-school.in/article/how-to-add-siblings.html]
[smart-school.in/article/how-to-import-student.html]
[smart-school.in/article/how-to-online-admission.html]
[smart-school.in/article/how-to-view-student-details.html]
[smart-school.in/article/how-to-view-disabled-student.html]
[smart-school.in/article/how-to-add-multi-class-student.html]
[smart-school.in/article/how-to-delete-student-in-bulk.html]
[smart-school.in/article/how-to-add-disable-reason.html]
[smart-school.in/article/how-to-check-student-report.html]
[smart-school.in/article/how-to-check-guardian-report.html]
[smart-school.in/article/how-to-check-student-history-report.html]
[smart-school.in/article/how-to-check-student-login-credential-report.html]
[smart-school.in/article/how-to-check-class-subject-report.html]
[smart-school.in/article/how-to-check-admission-report.html]
[smart-school.in/article/how-to-check-sibling-report.html]
[smart-school.in/article/how-to-check-student-profile-report.html]
[smart-school.in/article/how-to-check-student-gender-ratio-report.html]
[smart-school.in/category/student-information.html]
[smart-school.in/article/how-to-check-student-teacher-ratio-report.html]
[smart-school.in/assets/article-media/studentinformation-about.png]
[smart-school.in/article/about-student-information.html]
[smart-school.in/assets/article-media/01 student attendance from admin site.png]
[smart-school.in/article/how-to-check-class-wise-daily-attendance-report.html]
[smart-school.in/article/how-to-mark-period-attendance.html]
[smart-school.in/article/how-to-check-period-attendance-by-date.html]
[smart-school.in/article/how-to-check-staff-period-wise-attendance-report.html]
[smart-school.in/article/how-to-check-student-yearly-session-attendance-in-his-profile-page-from-the-superadmin-side.html]
[smart-school.in/article/how-to-check-period-attendance-report.html]
[smart-school.in/assets/article-media/01 parent login.png]
[smart-school.in/assets/article-media/parent login credential report.png]
[smart-school.in/article/how-to-check-parent-login-credential-report.html]
[smart-school.in/assets/article-media/assign fees 1st ss.png]
[smart-school.in/assets/article-media/assign fees 2nd ss.png]
[smart-school.in/assets/article-media/assign fees 3rd ss.png]
[smart-school.in/assets/article-media/assign fees 4th ss.png]
[smart-school.in/article/how-to-add-collect-fees.html]
[smart-school.in/article/how-to-check-balance-fees-statement.html]
[smart-school.in/article/how-to-pay-fees.html]
[smart-school.in/article/how-to-assign-fees-during-student-enrolment.html]
[smart-school.in/article/how-student-can-view-fees-details.html]
[smart-school.in/assets/article-media/studentinformation-report-classsection-1.png]
[smart-school.in/assets/article-media/studentinformation-report-classsection-2.png]
[smart-school.in/article/how-to-check-class-section-report.html]
[smart-school.in/article/how-to-search-fees-payment.html]
[smart-school.in/article/how-to-search-due-fees.html]
[smart-school.in/article/how-to-carry-forward-fees.html]
[smart-school.in/article/how-to-fees-reminder.html]
[smart-school.in/article/how-to-check-fees-statement-report.html]
[smart-school.in/article/how-to-check-balance-fees-report.html]
[smart-school.in/article/how-to-check-fees-collection-report.html]
[smart-school.in/article/how-to-check-online-fees-collection-report.html]
[smart-school.in/article/how-to-check-payroll-report.html]
[smart-school.in/article/how-to-check-daily-collection-report.html]
[smart-school.in/category/fees-collection.html]
[smart-school.in/article/how-to-check-balance-fees-report-with-remark-report.html]
[smart-school.in/assets/article-media/feecollection-about.png]
[smart-school.in/article/about-fees-collection.html]
[smart-school.in/assets/article-media/feescollection-add-feestype.png]
[smart-school.in/article/how-to-add-fees-type.html]
[smart-school.in/assets/article-media/feescollection-add-feesgroup.png]
[smart-school.in/article/how-to-add-fees-group.html]
[smart-school.in/assets/article-media/feescollection-add-feesmaster.png]
[smart-school.in/assets/article-media/feescollection-feesmaster-assignstudent.png]
[smart-school.in/article/how-to-add-fees-master.html]
[smart-school.in/assets/article-media/01 fees discount.png]
[smart-school.in/assets/article-media/feescollection-feesdiscount-assignstudent.png]
[smart-school.in/article/how-to-add-fees-discount.html]
[smart-school.in/article/how-to-publish-exam-and-exam-result-in-smart-school.html]
[smart-school.in/article/how-to-add-marks-in-exam.html]
[smart-school.in/article/how-to-link-two-exams.html]
[smart-school.in/article/how-to-check-exam-schedule.html]
[smart-school.in/article/how-to-add-design-admit-card.html]
[smart-school.in/article/how-to-print-admit-card.html]
[smart-school.in/article/how-to-check-exam-result.html]
[smart-school.in/article/how-to-add-design-marksheet.html]
[smart-school.in/article/how-to-print-marksheet.html]
[smart-school.in/article/how-to-check-rank-report.html]
[smart-school.in/article/how-student-can-check-exam-schedule.html]
[smart-school.in/category/examinations.html]
[smart-school.in/article/how-student-check-exam-result.html]
[smart-school.in/assets/article-media/examination-about.png]
[smart-school.in/article/about-examination.html]
[smart-school.in/assets/article-media/examination-add-markgrade.png]
[smart-school.in/article/how-to-add-marks-grade.html]
[smart-school.in/assets/article-media/examination-add-examgroup.png]
[smart-school.in/assets/article-media/examination-add-exam.png]
[smart-school.in/assets/article-media/examination-examlist.png]
[smart-school.in/assets/article-media/new exam.png]
[smart-school.in/article/how-to-add-exam-group.html]
[smart-school.in/assets/article-media/examination-icon-assignstudent.png]
[smart-school.in/assets/article-media/examination-assignstudent.png]
[smart-school.in/assets/article-media/examination-examstudent.png]
[smart-school.in/article/how-to-assignview-student-for-exam.html]
[smart-school.in/assets/article-media/examination-icon-examsubject.png]
[smart-school.in/assets/article-media/examination-add-examsubject.png]
[smart-school.in/assets/article-media/examination-add-subjects.png]
[smart-school.in/article/how-to-add-subject-in-exam.html]
[smart-school.in/article/how-to-assignview-student-for-online-exam.html]
[smart-school.in/article/how-to-evaluate-descriptive-type-question.html]
[smart-school.in/article/how-to-generate-students-exam-rank.html]
[smart-school.in/article/how-to-check-online-exam-result-report.html]
[smart-school.in/article/how-to-check-online-exams-report.html]
[smart-school.in/article/how-to-check-online-exams-attempt-report.html]
[smart-school.in/article/how-to-check-online-exam-rank-report.html]
[smart-school.in/category/online-examinations.html]
[smart-school.in/article/how-can-student-attempt-online-exam.html]
[smart-school.in/assets/article-media/onlineex-about.png]
[smart-school.in/article/about-online-examination.html]
[smart-school.in/assets/article-media/onlineex-addquestion-bank.png]
[smart-school.in/assets/article-media/01 question bank.png]
[smart-school.in/assets/article-media/04 view questionss.png]
[smart-school.in/assets/article-media/07 bulk delete.png]
[smart-school.in/article/how-to-add-question-bank.html]
[smart-school.in/assets/article-media/onlineexam-import-question.png]
[smart-school.in/assets/article-media/onlineex-importquestion.png]
[smart-school.in/assets/article-media/onlineex-notepad-format.png]
[smart-school.in/assets/article-media/03 imported qustion successfully.png]
[smart-school.in/article/how-to-import-question-in-question-bank.html]
[smart-school.in/assets/article-media/01 online examination.png]
[smart-school.in/assets/article-media/02 add exam.png]
[smart-school.in/assets/article-media/03 add exam data.png]
[smart-school.in/assets/article-media/06 new upcoming exam.png]
[smart-school.in/assets/article-media/02 online exam closed exam tab.png]
[smart-school.in/assets/article-media/04 edit exam.png]
[smart-school.in/assets/article-media/03 bulk delete.png]
[smart-school.in/article/how-to-add-online-exam.html]
[smart-school.in/assets/article-media/onlineex-addquestion-icon.png]
[smart-school.in/assets/article-media/onlineex-selectquestion.png]
[smart-school.in/assets/article-media/onlineex-view-queslist.png]
[smart-school.in/assets/article-media/onlineex-queslist-modal.png]
[smart-school.in/article/how-to-add-question-on-particular-exam.html]
[smart-school.in/article/how-to-add-gallery.html]
[smart-school.in/article/how-to-add-news.html]
[smart-school.in/article/how-to-add-banner-images.html]
[smart-school.in/category/front-cms.html]
[smart-school.in/article/how-to-show-exam-result-tab-in-front-site.html]
[smart-school.in/assets/article-media/frontcms-about.png]
[smart-school.in/article/about-front-cms.html]
[smart-school.in/assets/article-media/frontcms-add-menu.png]
[smart-school.in/assets/article-media/frontcms-add-menuitem1.png]
[smart-school.in/assets/article-media/frontcms-add-menuitem.png]
[smart-school.in/article/how-to-add-menus.html]
[smart-school.in/assets/article-media/frontcms-mediamanager.png]
[smart-school.in/article/how-to-upload-file-in-media-manager.html]
[smart-school.in/assets/article-media/frontcms-add-page.png]
[smart-school.in/assets/article-media/frontcms-list-page.png]
[smart-school.in/article/how-to-add-pages.html]
[smart-school.in/assets/article-media/frontcms-add-event.png]
[smart-school.in/assets/article-media/frontcms-list-event.png]
[smart-school.in/article/how-to-add-event.html]
[smart-school.in/article/how-to-check-multi-branch-overview.html]
[smart-school.in/category/multi-branch.html]
[smart-school.in/article/how-to-check-multi-branch-report.html]
[smart-school.in/assets/article-media/04.png]
[smart-school.in/article/about-multi-branch.html]
[smart-school.in/assets/article-media/02 add multibranch.png]
[smart-school.in/assets/article-media/03 added mb.png]
[smart-school.in/article/how-to-add-the-new-branch-in-smart-school-home-branch.html]
[smart-school.in/assets/article-media/04 Edit multibranch.png]
[smart-school.in/article/how-to-edit-a-branch.html]
[smart-school.in/assets/article-media/05 Delete multibranch.png]
[smart-school.in/article/how-to-delete-the-branch.html]
[smart-school.in/assets/article-media/06 Switch multibranch.png]
[smart-school.in/assets/article-media/07 Switching option.png]
[smart-school.in/article/how-to-switch-the-branch.html]
[smart-school.in/article/how-to-check-online-course-from-parent-panel.html]
[smart-school.in/article/how-to-purchase-course-from-student-panel.html]
[smart-school.in/article/how-to-collect-offline-payment-for-paid-online-course.html]
[smart-school.in/article/how-to-check-online-course-reports.html]
[smart-school.in/article/how-to-manage-aws-s3-bucket-setting.html]
[smart-school.in/article/how-to-manage-online-course-front-site-page.html]
[smart-school.in/article/how-can-a-guest-user-buy-a-course.html]
[smart-school.in/article/how-to-add-course-in-the-cart-from-the-front-site.html]
[smart-school.in/article/how-to-add-course-category.html]
[smart-school.in/article/how-to-generate-a-dynamic-guest-user-prefix-and-id.html]
[smart-school.in/article/how-to-guest-user-signup-login-to-online-course.html]
[smart-school.in/article/how-student-guest-can-rate-and-review-course.html]
[smart-school.in/article/how-can-students-or-guest-view-purchase-history.html]
[smart-school.in/category/online-course.html]
[smart-school.in/assets/article-media/onlinecourse-about-onlinecourse.png]
[smart-school.in/assets/article-media/onlinecourse-about-course-2.png]
[smart-school.in/article/about-online-course.html]
[smart-school.in/assets/article-media/01 online course.png]
[smart-school.in/assets/article-media/02 add course.png]
[smart-school.in/assets/article-media/onlinecourse-addsection.png]
[smart-school.in/assets/article-media/onlinecourse-sectionlist.png]
[smart-school.in/assets/article-media/onlinecourse-addlesson.png]
[smart-school.in/assets/article-media/onlinecourse-view-lessonlist.png]
[smart-school.in/assets/article-media/onlinecourse-addquiz.png]
[smart-school.in/assets/article-media/onlinecourse-add-quiz-question.png]
[smart-school.in/assets/article-media/onlinecourse-courselist.png]
[smart-school.in/assets/article-media/onlinecourse-editcourse.png]
[smart-school.in/assets/article-media/edit online course.png]
[smart-school.in/assets/article-media/onlinecourse-editsection.png]
[smart-school.in/assets/article-media/onlinecourse-edit-lesson-list.png]
[smart-school.in/assets/article-media/onlinecourse-edit-lesson.png]
[smart-school.in/assets/article-media/onlinecourse-edit-quiz.png]
[smart-school.in/assets/article-media/onlinecourse-deletelesson.png]
[smart-school.in/assets/article-media/onlinecourse-deletequiz.png]
[smart-school.in/assets/article-media/onlinecourse-deletesection.png]
[smart-school.in/assets/article-media/onlinecourse-deletecourse.png]
[smart-school.in/article/how-to-add-course.html]
[smart-school.in/assets/article-media/onlinecourse-order-section.png]
[smart-school.in/article/how-to-order-section.html]
[smart-school.in/assets/article-media/onlinecourse-publish-course.png]
[smart-school.in/article/how-to-publishunpublish-course.html]
[smart-school.in/assets/article-media/onlinecourse-student-coursedetails.png]
[smart-school.in/article/how-to-check-online-course-from-student-panel.html]
[smart-school.in/article/how-to-assign-incidents-to-the-students.html]
[smart-school.in/article/how-to-view-the-assigned-incident.html]
[smart-school.in/article/how-to-check-behaviour-records-in-reports.html]
[smart-school.in/article/how-can-we-check-the-students-behaviour-report-in-his-profile.html]
[smart-school.in/category/behaviour-records.html]
[smart-school.in/article/about-behaviour-records.html]
[smart-school.in/article/how-to-comment-on-an-incident.html]
[smart-school.in/assets/article-media/01 Incident list.png]
[smart-school.in/assets/article-media/02 Incident list.png]
[smart-school.in/article/how-to-check-the-list-of-incidents.html]
[smart-school.in/assets/article-media/03 Edit Incident Icon.png]
[smart-school.in/assets/article-media/04 Edit Incident window.png]
[smart-school.in/article/how-to-edit-the-incidents-in-the-incident-list.html]
[smart-school.in/assets/article-media/05 Incident.png]
[smart-school.in/assets/article-media/06 Delete Incident.png]
[smart-school.in/assets/article-media/07 Delete confirmation.png]
[smart-school.in/article/how-to-delete-an-incident-from-the-incident-list.html]
[smart-school.in/assets/article-media/08 add incident.png]
[smart-school.in/assets/article-media/09 add incident window.png]
[smart-school.in/assets/article-media/10 Negative incident.png]
[smart-school.in/assets/article-media/11 Negative point show.png]
[smart-school.in/assets/article-media/12 save incident.png]
[smart-school.in/assets/article-media/13 view saved incident in list.png]
[smart-school.in/article/how-to-add-the-incidents.html]
[smart-school.in/article/how-to-manually-configure-the-key-for-superadmin-and-staff.html]
[smart-school.in/article/how-to-check-two-factor-authentication-working-for-superadmin-in-your-smart-school.html]
[smart-school.in/article/how-to-check-two-factor-authentication-working-for-staff-in-your-smart-school.html]
[smart-school.in/article/how-to-configure-two-factor-authentication-in-your-smart-school-for-users-students-and-parents.html]
[smart-school.in/article/how-to-delete-the-2fa-account-for-user-login-students-or-parents.html]
[smart-school.in/article/how-to-manually-set-up-the-key-for-user-login-student-or-parent.html]
[smart-school.in/category/two-factor-authentication.html]
[smart-school.in/article/about-two-factor-authentication.html]
[smart-school.in/article/how-to-check-if-two-factor-authentication-is-working-for-users-students-or-parents-in-your-smart-school.html]
[smart-school.in/assets/article-media/disabled.png]
[smart-school.in/assets/article-media/enabled.png]
[smart-school.in/article/how-to-enable-disable-two-factor-authentication.html]
[smart-school.in/assets/article-media/2FA21.png]
[smart-school.in/article/how-to-setup-2fa.html]
[smart-school.in/assets/article-media/38 GA SS.png]
[smart-school.in/assets/article-media/6 Mobile setup.png]
[smart-school.in/assets/article-media/2FA5.png]
[smart-school.in/assets/article-media/2FA54.png]
[smart-school.in/article/how-to-install-the-google-authenticator-app-on-a-mobile-device.html]
[smart-school.in/assets/article-media/04 enable 1.png]
[smart-school.in/assets/article-media/05 delete.png]
[smart-school.in/article/how-to-delete-the-2fa-account-for-superadmin-or-staff.html]
[smart-school.in/article/how-to-create-zoom-live-classes.html]
[smart-school.in/article/how-to-join-zoom-live-classes-from-student-parent-side.html]
[smart-school.in/article/how-to-check-zoom-live-classes-report.html]
[smart-school.in/article/how-to-create-zoom-live-meeting.html]
[smart-school.in/article/how-to-join-zoom-live-meeting.html]
[smart-school.in/article/how-to-check-zoom-live-meeting-report.html]
[smart-school.in/article/how-to-resolve-invalid-access-token-issue.html]
[smart-school.in/category/zoom-live-classes.html]
[smart-school.in/article/how-to-conducted-multiple-zoom-live-classes-simultaneously.html]
[smart-school.in/assets/article-media/T21.png]
[smart-school.in/assets/article-media/T21 (1).png]
[smart-school.in/assets/article-media/03gt.png]
[smart-school.in/assets/article-media/04lp.png]
[smart-school.in/assets/article-media/Zoom 001.png]
[smart-school.in/assets/article-media/Zoom 02.png]
[smart-school.in/assets/article-media/Zoom 03.png]
[smart-school.in/assets/article-media/Zoom 04.png]
[smart-school.in/assets/article-media/Zoom 05.png]
[smart-school.in/assets/article-media/Zoom 06.png]
[smart-school.in/assets/article-media/Zoom 07.png]
[smart-school.in/assets/article-media/New 01.png]
[smart-school.in/assets/article-media/Zoom 08.png]
[smart-school.in/assets/article-media/Zoom 09.png]
[smart-school.in/assets/article-media/New 02.png]
[smart-school.in/assets/article-media/New 03.png]
[smart-school.in/assets/article-media/New 04.png]
[smart-school.in/assets/article-media/Zoom 10.png]
[smart-school.in/assets/article-media/New 05.png]
[smart-school.in/assets/article-media/Zoom 12.png]
[smart-school.in/assets/article-media/Zoom 13.png]
[smart-school.in/assets/article-media/Zoom 14.png]
[smart-school.in/assets/article-media/Zoom 15.png]
[smart-school.in/assets/article-media/New 06.png]
[smart-school.in/assets/article-media/New 07.png]
[smart-school.in/article/how-to-generate-the-zoom-api-credential.html]
[smart-school.in/assets/article-media/T45.png]
[smart-school.in/article/about-zoom-live-class.html]
[smart-school.in/assets/article-media/I72.png]
[smart-school.in/article/how-to-configure-zoom-live-class.html]
[smart-school.in/assets/article-media/RR1.png]
[smart-school.in/assets/article-media/RR2 (1).png]
[smart-school.in/assets/article-media/RR3.png]
[smart-school.in/article/how-to-enabledisable-teacher-api-credential.html]
[smart-school.in/assets/article-media/DD5.png]
[smart-school.in/assets/article-media/SS211.jpg]
[smart-school.in/assets/article-media/T20.png]
[smart-school.in/assets/article-media/DD4.jpg]
[smart-school.in/assets/article-media/T30.png]
[smart-school.in/article/how-to-enabled-disabled-the-parent-for-zoom-live-classes.html]
[smart-school.in/article/how-to-create-gmeet-live-meeting.html]
[smart-school.in/article/how-to-join-gmeet-live-meeting.html]
[smart-school.in/article/how-to-check-gmeet-live-meeting-report.html]
[smart-school.in/article/how-to-configure-gmeet-live-class.html]
[smart-school.in/category/gmeet-live-class.html]
[smart-school.in/article/how-to-get-gmeet-api-key-and-secret-key.html]
[smart-school.in/assets/article-media/gmeet-about.png]
[smart-school.in/article/about-gmeet-live-classes.html]
[smart-school.in/assets/article-media/gmeet-meeting-url1.png]
[smart-school.in/assets/article-media/gmeet-meeting-url2.png]
[smart-school.in/assets/article-media/gmeet-meeting-url3.png]
[smart-school.in/article/how-to-get-gmeet-url.html]
[smart-school.in/assets/article-media/gmeet-create-liveclass.png]
[smart-school.in/assets/article-media/gmeet-create-class-1.png]
[smart-school.in/assets/article-media/gmeet-start-liveclasses.png]
[smart-school.in/assets/article-media/gmeet-delete-liveclasses.png]
[smart-school.in/article/how-to-create-gmeet-live-class.html]
[smart-school.in/assets/article-media/gmeet-join-liveclasses.png]
[smart-school.in/article/how-to-join-gmeet-live-class.html]
[smart-school.in/assets/article-media/gmeet-report-liveclass.png]
[smart-school.in/assets/article-media/gmeet-report-liveclass-joinlist.png]
[smart-school.in/article/how-to-check-gmeet-live-class-report.html]
[smart-school.in/article/how-to-check-syllabus-status-report.html]
[smart-school.in/article/how-to-check-subject-lesson-plan-report.html]
[smart-school.in/category/lesson-plan.html]
[smart-school.in/article/how-to-add-copy-old-lessons.html]
[smart-school.in/assets/article-media/58/lesson-plan-module.png]
[smart-school.in/article/about-lesson-plan.html]
[smart-school.in/assets/article-media/lesson.png]
[smart-school.in/article/how-to-add-lesson.html]
[smart-school.in/assets/article-media/60/add-topic.png]
[smart-school.in/article/how-to-add-topic.html]
[smart-school.in/assets/article-media/61/teacher-period-list.png]
[smart-school.in/assets/article-media/61/add-lesson-plan.png]
[smart-school.in/assets/article-media/61/lesson-plan-view.png]
[smart-school.in/article/how-to-add-lesson-plan.html]
[smart-school.in/assets/article-media/62/manage-syllabus.png]
[smart-school.in/assets/article-media/62/change-syllabus-status.png]
[smart-school.in/article/how-to-manage-syllabus-status.html]
[smart-school.in/article/how-to-add-approve-leave.html]
[smart-school.in/article/how-to-check-student-period-attendance-report.html]
[smart-school.in/article/how-to-check-daily-period-attendance-report.html]
[smart-school.in/article/how-to-check-student-monthly-attendance.html]
[smart-school.in/category/attendance.html]
[smart-school.in/article/how-to-check-student-period-attendance-by-date.html]
[smart-school.in/assets/article-media/Attendance 0018.png]
[smart-school.in/assets/article-media/Attendance 0020.png]
[smart-school.in/assets/article-media/Attendance 00016.png]
[smart-school.in/article/how-to-mark-student-attendance.html]
[smart-school.in/assets/article-media/attendance-check-bydate.png]
[smart-school.in/article/how-to-check-student-attendance-by-date.html]
[smart-school.in/assets/article-media/Attendance 0021.png]
[smart-school.in/article/how-to-check-student-attendance-report.html]
[smart-school.in/assets/article-media/Attendance 0022.png]
[smart-school.in/article/how-to-check-student-attendance-type-report.html]
[smart-school.in/assets/article-media/Attendance 0023.png]
[smart-school.in/article/how-to-check-staff-attendance-report-1.html]
[smart-school.in/category/qr-code-attendance.html]
[smart-school.in/article/how-to-create-staffadmin-id-card-and-show-barcode-and-qr-code-on-id.html]
[smart-school.in/article/how-to-generate-barcode-and-qr-code-for-adminstaff-on-his-profile.html]
[smart-school.in/article/about-qr-code-attendance.html]
[smart-school.in/article/how-to-add-qr-code-in-student-id-card-and-his-profile.html]
[smart-school.in/assets/article-media/01sss.png]
[smart-school.in/assets/article-media/02sss.jpg]
[smart-school.in/assets/article-media/03sss.jpg]
[smart-school.in/assets/article-media/04sss.jpg]
[smart-school.in/assets/article-media/05ssss.jpg]
[smart-school.in/assets/article-media/06sss.jpg]
[smart-school.in/assets/article-media/07ss.png]
[smart-school.in/assets/article-media/Staff Attendance 0014.png]
[smart-school.in/assets/article-media/09ss.png]
[smart-school.in/assets/article-media/Staff Attendance 0013.png]
[smart-school.in/article/how-to-disabled-the-auto-attendance-and-mark-the-attendance-of-student-and-staff-using-qr-code-barcode.html]
[smart-school.in/assets/article-media/01ssDE.png]
[smart-school.in/assets/article-media/02sssDE.jpg]
[smart-school.in/assets/article-media/04sssDE.jpg]
[smart-school.in/assets/article-media/05ssssDE.jpg]
[smart-school.in/assets/article-media/06sssDE.jpg]
[smart-school.in/assets/article-media/06ss DE.png]
[smart-school.in/assets/article-media/Staff Attendance 014.png]
[smart-school.in/assets/article-media/08ssDE.png]
[smart-school.in/assets/article-media/Staff Attendance 013.png]
[smart-school.in/article/how-to-enable-the-auto-attendance-and-mark-the-attendance-of-student-and-staff-using-qr-code-barcode.html]
[smart-school.in/assets/article-media/01sskk.png]
[smart-school.in/assets/article-media/02sskk.png]
[smart-school.in/assets/article-media/03sskk.png]
[smart-school.in/assets/article-media/04sskk.png]
[smart-school.in/assets/article-media/05sskk.png]
[smart-school.in/assets/article-media/07sskk.png]
[smart-school.in/assets/article-media/08sskk.png]
[smart-school.in/assets/article-media/09sskk.png]
[smart-school.in/assets/article-media/11sskk.png]
[smart-school.in/assets/article-media/13sssr.png]
[smart-school.in/assets/article-media/ll3.png]
[smart-school.in/article/how-to-check-the-student-day-wise-attendance-report.html]
[smart-school.in/assets/article-media/01ssT.png]
[smart-school.in/assets/article-media/02ssT.png]
[smart-school.in/assets/article-media/03ssT.png]
[smart-school.in/assets/article-media/tr334.png]
[smart-school.in/assets/article-media/05ssT.png]
[smart-school.in/assets/article-media/06ssT.png]
[smart-school.in/assets/article-media/07ssT.png]
[smart-school.in/assets/article-media/08ssT.png]
[smart-school.in/article/how-to-check-staff-day-wise-attendance-report-1.html]
[smart-school.in/category/alumni.html]
[smart-school.in/assets/article-media/54/alumni-module.png]
[smart-school.in/article/about-alumni.html]
[smart-school.in/assets/article-media/55/promote-alumni.png]
[smart-school.in/assets/article-media/55/add-alumni-list.png]
[smart-school.in/assets/article-media/55/add-alumni.png]
[smart-school.in/article/how-to-add-alumni.html]
[smart-school.in/assets/article-media/56/alumni-event-list.png]
[smart-school.in/assets/article-media/56/add-event-alumni.png]
[smart-school.in/article/how-to-create-alumni-events.html]
[smart-school.in/assets/article-media/57/alumni-report.png]
[smart-school.in/article/alumni-report.html]
[smart-school.in/article/how-to-add-postal-dispatch.html]
[smart-school.in/article/how-to-add-postal-receive.html]
[smart-school.in/category/front-office.html]
[smart-school.in/article/how-to-add-complain.html]
[smart-school.in/assets/article-media/frontoffice-about.png]
[smart-school.in/article/about-front-office.html]
[smart-school.in/assets/article-media/frontoffice-add-setup.png]
[smart-school.in/article/how-to-setup-front-office.html]
[smart-school.in/assets/article-media/01 admission enquirey search.png]
[smart-school.in/assets/article-media/02 add admission enquirey details.png]
[smart-school.in/assets/article-media/03 search admission enquirey details.png]
[smart-school.in/assets/article-media/04 follow up admission enquiry.png]
[smart-school.in/assets/article-media/05 edit admission enquiery.png]
[smart-school.in/assets/article-media/06 delete admission enquiery.png]
[smart-school.in/article/how-to-add-student-admission-enquiry.html]
[smart-school.in/assets/article-media/01 visitor book.png]
[smart-school.in/assets/article-media/new 02 add visitor book.png]
[smart-school.in/assets/article-media/02 add visitor books.png]
[smart-school.in/assets/article-media/03 add visitor staffs.png]
[smart-school.in/assets/article-media/04 visitor detailss.png]
[smart-school.in/assets/article-media/05 edit visitor books.png]
[smart-school.in/assets/article-media/06 delete visitor books.png]
[smart-school.in/article/how-to-add-visitor-book.html]
[smart-school.in/assets/article-media/frontoffice-add-phonecalllog.png]
[smart-school.in/assets/article-media/frontoffice-detail-phonecalllog.png]
[smart-school.in/article/how-to-add-phone-call-log.html]
[smart-school.in/article/how-to-import-staff.html]
[smart-school.in/article/how-to-mark-staff-attendance.html]
[smart-school.in/article/how-to-generate-payroll-for-staff-members.html]
[smart-school.in/article/how-to-apply-leave.html]
[smart-school.in/article/how-to-approve-leave-request.html]
[smart-school.in/article/how-to-view-teachers-rating.html]
[smart-school.in/article/how-to-view-disabled-staff.html]
[smart-school.in/article/how-to-check-staff-attendance-report.html]
[smart-school.in/article/how-to-check-payroll-report-1.html]
[smart-school.in/category/human-resource.html]
[smart-school.in/article/how-student-can-check-teacher-review.html]
[smart-school.in/assets/article-media/humanresource-about.png]
[smart-school.in/article/about-human-resource.html]
[smart-school.in/assets/article-media/humanresource-add-department.png]
[smart-school.in/article/how-to-add-department.html]
[smart-school.in/assets/article-media/humanresource-add-designation.png]
[smart-school.in/article/how-to-add-designation.html]
[smart-school.in/assets/article-media/humanresource-add-leavetype.png]
[smart-school.in/article/how-to-add-leave-type.html]
[smart-school.in/assets/article-media/humanresource-add-staffdirectory.png]
[smart-school.in/assets/article-media/humanresource-staffdirectory.png]
[smart-school.in/assets/article-media/humanresource-staffprofile.png]
[smart-school.in/article/how-to-add-staff-directory.html]
[smart-school.in/category/certificate.html]
[smart-school.in/assets/article-media/certificate.png]
[smart-school.in/article/about-certificate.html]
[smart-school.in/article/how-to-add-barcode-in-student-id-card-and-his-profile.html]
[smart-school.in/assets/article-media/certificate1.png]
[smart-school.in/assets/article-media/previewcert.png]
[smart-school.in/article/how-to-add-student-certificate.html]
[smart-school.in/assets/article-media/Mount-Carmel-School1.png]
[smart-school.in/assets/article-media/generatecert.png]
[smart-school.in/article/how-to-generate-certificate.html]
[smart-school.in/assets/article-media/student id card.png]
[smart-school.in/assets/article-media/certificate-view-idcard.png]
[smart-school.in/article/how-to-add-student-id-card.html]
[smart-school.in/assets/article-media/certificate-generateidcard.png]
[smart-school.in/assets/article-media/certificate-view-studentsidcard.png]
[smart-school.in/article/how-to-generate-id-card.html]
[smart-school.in/category/hostel.html]
[smart-school.in/article/how-student-can-view-hostel-rooms.html]
[smart-school.in/assets/article-media/hostel-about.png]
[smart-school.in/article/about-hostel.html]
[smart-school.in/assets/article-media/hostel-add-hostel.png]
[smart-school.in/article/how-to-add-hostel.html]
[smart-school.in/assets/article-media/hostel-add-roomtype.png]
[smart-school.in/article/how-to-add-room-type.html]
[smart-school.in/assets/article-media/hostel-add-hostelrooms.png]
[smart-school.in/article/how-to-add-hostel-rooms.html]
[smart-school.in/assets/article-media/hostel-report.png]
[smart-school.in/article/how-to-check-hostel-report.html]
[smart-school.in/article/how-to-check-transport-report.html]
[smart-school.in/article/how-student-can-view-transport-route-list.html]
[smart-school.in/article/how-to-add-pickup-point.html]
[smart-school.in/article/how-to-manage-transport-fees-master.html]
[smart-school.in/article/how-to-add-route-pickup-point.html]
[smart-school.in/category/transport.html]
[smart-school.in/article/how-to-assign-transport-fees-to-the-student.html]
[smart-school.in/assets/article-media/transport-about.png]
[smart-school.in/article/about-transport.html]
[smart-school.in/assets/article-media/Create Routes 1st ss.png]
[smart-school.in/assets/article-media/Create Routes 2nd ss.png]
[smart-school.in/assets/article-media/Create Routes 3rd ss.png]
[smart-school.in/article/how-to-create-routes.html]
[smart-school.in/assets/article-media/vehicle list 00.png]
[smart-school.in/assets/article-media/add vehicles 1st ss.png]
[smart-school.in/assets/article-media/view vehicle 4th ss.png]
[smart-school.in/assets/article-media/edit vehicles 3rd.png]
[smart-school.in/assets/article-media/delete vehicle 5th ss.png]
[smart-school.in/article/how-to-add-vehicles.html]
[smart-school.in/assets/article-media/Assign vehicle to the Route 1st ss.png]
[smart-school.in/assets/article-media/Assign vehicle to the Route 2nd ss.png]
[smart-school.in/assets/article-media/delete assign vehicle 3rd ss.png]
[smart-school.in/article/how-to-assign-vehicle-to-the-route.html]
[smart-school.in/assets/article-media/route assign pickup point new ss.png]
[smart-school.in/article/how-to-assign-route-to-student.html]
[smart-school.in/article/how-to-add-item-stock.html]
[smart-school.in/article/how-to-issue-item.html]
[smart-school.in/article/how-to-check-stock-report.html]
[smart-school.in/article/how-to-check-add-item-report.html]
[smart-school.in/article/how-to-check-issue-item-report.html]
[smart-school.in/category/inventory.html]
[smart-school.in/assets/article-media/inventory-about.png]
[smart-school.in/article/about-inventory.html]
[smart-school.in/assets/article-media/inventory-add-itemcategory.png]
[smart-school.in/article/how-to-create-item-category.html]
[smart-school.in/assets/article-media/inventory-add-itemstore.png]
[smart-school.in/article/how-to-add-item-store.html]
[smart-school.in/assets/article-media/inventory-add-itemsupplier.png]
[smart-school.in/article/how-to-add-item-supplier.html]
[smart-school.in/assets/article-media/inventory-add-item.png]
[smart-school.in/article/how-to-add-item.html]
[smart-school.in/article/how-to-check-book-issue-report.html]
[smart-school.in/article/how-to-check-book-due-report.html]
[smart-school.in/article/how-to-check-book-issue-return-report.html]
[smart-school.in/article/how-to-check-book-inventory-report.html]
[smart-school.in/article/how-student-can-view-book-list.html]
[smart-school.in/category/library.html]
[smart-school.in/article/how-student-can-view-issued-book-list.html]
[smart-school.in/assets/article-media/library-about.png]
[smart-school.in/article/about-library.html]
[smart-school.in/assets/article-media/library-addbook.png]
[smart-school.in/assets/article-media/library-add-importbook.png]
[smart-school.in/article/how-to-add-book.html]
[smart-school.in/assets/article-media/library-addstudent.png.png]
[smart-school.in/assets/article-media/library-addstudent-member.png.png]
[smart-school.in/article/how-to-add-student-as-library-member.html]
[smart-school.in/assets/article-media/library-addstaff-add-member.png.png]
[smart-school.in/assets/article-media/library-add-staffmember.png.png]
[smart-school.in/article/how-to-add-staff-member-as-library-member.html]
[smart-school.in/assets/article-media/library-issuereturn-member.png]
[smart-school.in/assets/article-media/library-issuereturnbook.member.png.png]
[smart-school.in/article/how-to-issuereturn-books.html]
[smart-school.in/category/homework.html]
[smart-school.in/article/how-to-check-homework-report.html]
[smart-school.in/assets/article-media/01 homework.png]
[smart-school.in/assets/article-media/02 upcoming homework.png]
[smart-school.in/assets/article-media/03 closed homework.png]
[smart-school.in/article/about-homework.html]
[smart-school.in/assets/article-media/Add homework.png]
[smart-school.in/assets/article-media/05 upcoming homeworkss.png]
[smart-school.in/assets/article-media/06 evaluate homework marks.png]
[smart-school.in/assets/article-media/7th no marks.png]
[smart-school.in/assets/article-media/08 edit homework.png]
[smart-school.in/assets/article-media/09 edit window.png]
[smart-school.in/assets/article-media/10 delete Homework.png]
[smart-school.in/article/how-to-add-homework.html]
[smart-school.in/assets/article-media/01 upcoming Homework.png]
[smart-school.in/assets/article-media/02 evaluate homework.png]
[smart-school.in/assets/article-media/03 homework evaluation done.png]
[smart-school.in/article/how-to-evaluate-homework.html]
[smart-school.in/assets/article-media/01 ss daily assignment.png]
[smart-school.in/assets/article-media/Daily Assignment Report 1st ss.png]
[smart-school.in/assets/article-media/Daily Assignment details 2nd ss.png]
[smart-school.in/article/how-to-check-daily-assignment-report.html]
[smart-school.in/article/how-student-can-view-homework-list-1.html]
[smart-school.in/assets/article-media/01 homework evaluation.png]
[smart-school.in/assets/article-media/Homework Evaluation Report.png]
[smart-school.in/article/how-to-check-homework-evaluation-report-2.html]
[smart-school.in/category/download-center.html]
[smart-school.in/assets/article-media/download center.png]
[smart-school.in/article/about-download-center.html]
[smart-school.in/assets/article-media/01 content type.png]
[smart-school.in/assets/article-media/02 edit content type.png]
[smart-school.in/assets/article-media/03 delete Content Type.png]
[smart-school.in/article/how-to-add-content-type.html]
[smart-school.in/assets/article-media/01 content share list.png]
[smart-school.in/assets/article-media/02 view link in content share list.png]
[smart-school.in/assets/article-media/03 link details.png]
[smart-school.in/assets/article-media/04 shared content details.png]
[smart-school.in/assets/article-media/05 delete content share list.png]
[smart-school.in/article/how-to-view-content-share-list.html]
[smart-school.in/assets/article-media/01 upload share content.png]
[smart-school.in/assets/article-media/02 upload.png]
[smart-school.in/assets/article-media/03 upload data save.png]
[smart-school.in/assets/article-media/04 search upload content.png]
[smart-school.in/assets/article-media/05 change file name content type.png]
[smart-school.in/assets/article-media/06 share content type.png]
[smart-school.in/assets/article-media/07 content share option.png]
[smart-school.in/assets/article-media/08 shared window open.png]
[smart-school.in/assets/article-media/09 send to group option.png]
[smart-school.in/assets/article-media/10 send to class option.png]
[smart-school.in/assets/article-media/11 class options.png]
[smart-school.in/assets/article-media/12 select section.png]
[smart-school.in/assets/article-media/13 individual option.png]
[smart-school.in/assets/article-media/14 chose individual option.png]
[smart-school.in/assets/article-media/15 individual add option.png]
[smart-school.in/assets/article-media/16 add single student in individual.png]
[smart-school.in/assets/article-media/17 add multiple students.png]
[smart-school.in/assets/article-media/18 share content with url.png]
[smart-school.in/assets/article-media/19 genrate url.png]
[smart-school.in/assets/article-media/20 copy generate url.png]
[smart-school.in/assets/article-media/21 copy generate url details.png]
[smart-school.in/assets/article-media/22 delete content.png]
[smart-school.in/assets/article-media/23 multiple delete option.png]
[smart-school.in/article/how-to-upload-and-share-content.html]
[smart-school.in/assets/article-media/01 video tutorial.png]
[smart-school.in/assets/article-media/03 link add in video tutorial.png]
[smart-school.in/assets/article-media/04 search video tutorial.png]
[smart-school.in/assets/article-media/05 view edit delete button.png]
[smart-school.in/assets/article-media/06 view option in video tutorial.png]
[smart-school.in/assets/article-media/07 download video tutorial.png]
[smart-school.in/assets/article-media/08 delete Video Tutorial.png]
[smart-school.in/article/how-to-add-video-tutorial.html]
[smart-school.in/article/how-student-can-view-notice-board.html]
[smart-school.in/article/how-to-create-email-template.html]
[smart-school.in/article/how-to-create-sms-template.html]
[smart-school.in/article/how-to-view-login-credentials-send.html]
[smart-school.in/category/communicate.html]
[smart-school.in/article/how-to-view-schedule-email-sms-log.html]
[smart-school.in/assets/article-media/communicate-about.png]
[smart-school.in/article/about-communicate.html]
[smart-school.in/assets/article-media/01 notice board.png]
[smart-school.in/assets/article-media/02 compose new notice.png]
[smart-school.in/assets/article-media/07 new notice board.png]
[smart-school.in/assets/article-media/03 download attachment.png]
[smart-school.in/article/how-to-post-new-message-in-notice-board.html]
[smart-school.in/assets/article-media/01 send email to group.png]
[smart-school.in/assets/article-media/02 send email to individual.png]
[smart-school.in/assets/article-media/03 send email to class.png]
[smart-school.in/assets/article-media/04 send email to today's birthday.png]
[smart-school.in/article/how-to-send-email.html]
[smart-school.in/assets/article-media/01 send sms to group.png]
[smart-school.in/assets/article-media/02 send sms to individual.png]
[smart-school.in/assets/article-media/03 send sms to class.png]
[smart-school.in/assets/article-media/04 send sms to today's birthday.png]
[smart-school.in/article/how-to-send-sms.html]
[smart-school.in/assets/article-media/02 new email sms log.png]
[smart-school.in/article/how-to-view-email-sms-log.html]
[smart-school.in/category/expenses.html]
[smart-school.in/article/how-to-check-expense-group-report.html]
[smart-school.in/assets/article-media/expense-about.png]
[smart-school.in/article/about-expense.html]
[smart-school.in/assets/article-media/expense-add-expensehead.png.png]
[smart-school.in/article/how-to-add-expense-head.html]
[smart-school.in/assets/article-media/expense-add-expense.png.png]
[smart-school.in/article/how-to-add-expense.html]
[smart-school.in/assets/article-media/expense-search.png]
[smart-school.in/article/how-to-search-expense.html]
[smart-school.in/assets/article-media/expense-report.png.png]
[smart-school.in/article/how-to-check-expense-report.html]
[smart-school.in/article/how-to-check-income-group-report.html]
[smart-school.in/category/income.html]
[smart-school.in/assets/article-media/income-about.png]
[smart-school.in/article/about-income.html]
[smart-school.in/assets/article-media/income-add-incomehead.png]
[smart-school.in/article/how-to-add-income-head.html]
[smart-school.in/assets/article-media/income-add-income.png]
[smart-school.in/article/how-to-add-income.html]
[smart-school.in/assets/article-media/income-search.png]
[smart-school.in/article/how-to-search-income.html]
[smart-school.in/assets/article-media/income-report.png]
[smart-school.in/article/how-to-check-income-report.html]
[smart-school.in/article/how-to-login-studentparent-panel.html]
[smart-school.in/article/how-to-view-profile.html]
[smart-school.in/article/how-to-view-class-timetable.html]
[smart-school.in/article/how-to-check-lesson-plan-schedule.html]
[smart-school.in/article/how-to-check-syllabus-status.html]
[smart-school.in/article/how-to-attempt-online-exam.html]
[smart-school.in/article/how-to-apply-leave-1.html]
[smart-school.in/article/how-to-download-uploaded-assignment.html]
[smart-school.in/article/how-to-check-student-day-wise-monthly-attendance.html]
[smart-school.in/article/how-student-can-check-exam-schedule-1.html]
[smart-school.in/article/how-student-can-check-exam-result.html]
[smart-school.in/article/how-student-can-view-message-in-notice-board.html]
[smart-school.in/article/how-to-add-teacher-s-review.html]
[smart-school.in/article/how-to-view-books-list-in-library.html]
[smart-school.in/article/how-to-view-transport-routes-list.html]
[smart-school.in/category/studentparent-panel.html]
[smart-school.in/article/how-to-view-hostel-rooms.html]
[smart-school.in/assets/article-media/student-about-student-parent-panel.png]
[smart-school.in/article/about-studentparent-panel.html]
[smart-school.in/assets/article-media/01 video tutorials.png]
[smart-school.in/assets/article-media/02 view details.png]
[smart-school.in/article/how-to-view-video-tutorial-from-student-site.html]
[smart-school.in/assets/article-media/01 homeworks.png]
[smart-school.in/assets/article-media/02 add assignment list.png]
[smart-school.in/assets/article-media/03 add daily assignment.png]
[smart-school.in/assets/article-media/04 daily assignment.png]
[smart-school.in/assets/article-media/05 daily assignment list.png]
[smart-school.in/assets/article-media/06 edit daily assignment.png]
[smart-school.in/assets/article-media/07 delete daily assignment.png]
[smart-school.in/assets/article-media/08 admin panel daily assignment.png]
[smart-school.in/assets/article-media/09 daily assignment.png]
[smart-school.in/assets/article-media/11 daily assignment evaluation student site.png]
[smart-school.in/assets/article-media/12 student site.png]
[smart-school.in/article/how-to-add-daily-assignment-from-the-student-side.html]
[smart-school.in/assets/article-media/01 student attendance.png]
[smart-school.in/article/how-student-can-view-their-yearly-session-attendance-from-student-panel.html]
[smart-school.in/assets/article-media/dashboard1.png]
[smart-school.in/assets/article-media/notice board1.png]
[smart-school.in/assets/article-media/subject progress.png]
[smart-school.in/assets/article-media/upcoming class.png]
[smart-school.in/assets/article-media/homework.png]
[smart-school.in/assets/article-media/teacher list.png]
[smart-school.in/assets/article-media/visiter list.png]
[smart-school.in/assets/article-media/library book issue list.png]
[smart-school.in/article/how-to-see-student-dashboard.html]
[smart-school.in/article/version-6-4-1.html]
[smart-school.in/article/version-6-4-0.html]
[smart-school.in/article/version-7-0-0.html]
[smart-school.in/article/version-6-3-0.html]
[smart-school.in/article/version-6-1-0.html]
[smart-school.in/article/version-6-0-0.html]
[smart-school.in/article/version-6-2-0.html]
[smart-school.in/article/version-5-2-0.html]
[smart-school.in/article/version-5-1-0.html]
[smart-school.in/article/version-5-0-0.html]
[smart-school.in/article/version-4-2-0.html]
[smart-school.in/article/version-4-1-0.html]
[smart-school.in/article/version-4-0-0.html]
[smart-school.in/article/version-3-0-1.html]
[smart-school.in/article/version-3-0-0.html]
[smart-school.in/article/version-2-1-0.html]
[smart-school.in/article/version-2-0-0.html]
[smart-school.in/article/version-1-2-0.html]
[smart-school.in/article/version-1-0-1.html]
[smart-school.in/category/changelog/smart-school.html]
[smart-school.in/article/version-1-0-0.html]
[smart-school.in/article/version-4-0-2.html]
[smart-school.in/article/version-3-5.html]
[smart-school.in/article/version-3-4.html]
[smart-school.in/article/version-3-3.html]
[smart-school.in/article/version-3-2.html]
[smart-school.in/article/version-3-1.html]
[smart-school.in/article/version-3-0.html]
[smart-school.in/article/version-2-1.html]
[smart-school.in/article/version-2-0.html]
[smart-school.in/article/version-1-1.html]
[smart-school.in/category/changelog/smart-school-android-app.html]
[smart-school.in/article/version-1-0.html]
[smart-school.in/article/version-2-0-5.html]
[smart-school.in/category/changelog/smart-school-cbse-examination.html]
[smart-school.in/article/version-1-0-8.html]
[smart-school.in/article/version-2-0-6.html]
[smart-school.in/category/changelog/smart-school-multi-branch.html]
[smart-school.in/article/version-1-0-5.html]
[smart-school.in/article/version-2-0-7.html]
[smart-school.in/article/version-1-1-2.html]
[smart-school.in/category/changelog/smart-school-two-factor-authentication.html]
[smart-school.in/article/version-1-0-6.html]
[smart-school.in/article/version-2-0-4.html]
[smart-school.in/article/version-1-1-1.html]
[smart-school.in/category/changelog/smart-school-behaviour-records.html]
[smart-school.in/article/version-1-0-7.html]
[smart-school.in/article/version-6-0.html]
[smart-school.in/article/version-5-1.html]
[smart-school.in/article/version-5-0.html]
[smart-school.in/article/version-4-0.html]
[smart-school.in/article/version-3-0-2.html]
[smart-school.in/article/version-2-0-1.html]
[smart-school.in/category/changelog/smart-school-zoom-live-class.html]
[smart-school.in/article/version-1-0-2.html]
[smart-school.in/article/version-5-0-1.html]
[smart-school.in/article/version-4-1.html]
[smart-school.in/article/version-4-0-1.html]
[smart-school.in/article/version-3-0-3.html]
[smart-school.in/article/version-2-0-2.html]
[smart-school.in/category/changelog/smart-school-gmeet-live-class.html]
[smart-school.in/article/version-1-0-3.html]
[smart-school.in/article/version-3-0-4.html]
[smart-school.in/article/version-2-1-1.html]
[smart-school.in/article/version-2-0-3.html]
[smart-school.in/category/changelog/smart-school-online-course.html]
[smart-school.in/category/changelog/smart-school-qr-code-attendance.html]
[smart-school.in/article/version-1-0-4.html]
[smart-school.in/article/version-1-0-9.html]
[smart-school.in/category/smart-school-qr-code-attendance.html]
[smart-school.in/category/smart-school-android-app.html]
[smart-school.in/article/version-4-1-1.html]
[smart-school.in/article/version-7-0-1.html]
[smart-school.in/assets/article-media/T55.png]
[smart-school.in/category/smart-school.html]
[smart-school.in/assets/article-media/T40.jpg]
[smart-school.in/assets/article-media/new 1.png]
[smart-school.in/assets/article-media/T50.jpg]
[smart-school.in/assets/article-media/new 2.png]
[smart-school.in/article/how-to-enabled-disabled-the-parent-for-gmeet-live-classes.html]
[smart-school.in/article/email-send-not-working.html]
[smart-school.in/ssba-docs/assets/images/s-favicon.png]
[smart-school.in/ssba-docs/assets/css/bootstrap.min.css]
[smart-school.in/ssba-docs/assets/css/font-awesome.min.css]
[smart-school.in/ssba-docs/assets/css/docmain.min.css]
[smart-school.in/ssba-docs/assets/css/_all-skins.min.css]
[smart-school.in/ssba-docs/assets/css/style.css]
[smart-school.in/ssba-docs/assets/images/logo.png]
[smart-school.in/ssba-docs/assets/images/qdocs-square-logo.png]
[smart-school.in/ssba-docs/assets/images/qdocs.png]
[smart-school.in/ssba-docs/assets/images/lan.jpg]
[smart-school.in/ssba-docs/assets/images/sn1.jpg]
[smart-school.in/ssba-docs/assets/images/sn2.jpg]
[smart-school.in/ssba-docs/assets/images/sn3.jpg]
[smart-school.in/ssba-docs/assets/images/cm1.jpg]
[smart-school.in/ssba-docs/assets/images/cm2.jpg]
[smart-school.in/ssba-docs/assets/images/cm3.jpg]
[smart-school.in/ssba-docs/assets/images/um1.jpg]
[smart-school.in/ssba-docs/assets/images/um2.jpg]
[smart-school.in/ssba-docs/assets/images/um3.jpg]
[smart-school.in/ssba-docs/assets/images/um4.png]
[smart-school.in/ssba-docs/assets/images/install1.png]
[smart-school.in/ssba-docs/assets/images/install2.png]
[smart-school.in/ssba-docs/assets/images/install5.png]
[smart-school.in/ssba-docs/assets/images/install5-1.png]
[smart-school.in/ssba-docs/assets/images/install5-9.png]
[smart-school.in/ssba-docs/assets/images/install5-10.png]
[smart-school.in/ssba-docs/assets/images/install5-11.png]
[smart-school.in/ssba-docs/assets/images/install5-14.png]
[smart-school.in/ssba-docs/assets/images/install7-8.png]
[smart-school.in/ssba-docs/assets/images/install7-9.png]
[smart-school.in/ssba-docs/assets/js/jquery-2.2.3.min.js]
[smart-school.in/ssba-docs/assets/js/bootstrap.min.js]
[smart-school.in/ssba-docs/assets/js/jquery.easing.min.js]
[smart-school.in/ssba-docs/assets/js/custom.js]
[smart-school.in/ssba-docs/assets/js/fastclick.min.js]
[smart-school.in/ssba-docs/assets/js/app.min.js]
[smart-school.in/ssba-docs/assets/js/jquery.slimscroll.min.js]
[smart-school.in/ssba-docs/assets/js/docs.js]
[smart-school.in/ssba-docs/assets/js/jquery.singlePageNav.min.js]
[smart-school.in/ssba-docs/index.html]
[smart-school.in/docs/assets/css/bootstrap.min.css]
[smart-school.in/docs/assets/fonts/fontawesome-webfont3295.eot]
[smart-school.in/docs/assets/fonts/fontawesome-webfontd41d.eot]
[smart-school.in/docs/assets/fonts/fontawesome-webfont3295.woff2]
[smart-school.in/docs/assets/fonts/fontawesome-webfont3295.woff]
[smart-school.in/docs/assets/fonts/fontawesome-webfont3295.ttf]
[smart-school.in/docs/assets/css/font-awesome.min.css]
[smart-school.in/docs/assets/css/docmain.min.css]
[smart-school.in/docs/assets/css/_all-skins.min.css]
[smart-school.in/docs/assets/css/style.css]
[smart-school.in/assets/article-media/01 language setting.png]
[smart-school.in/assets/article-media/systemsetting-add-language.png]
[smart-school.in/assets/article-media/02 language setting.png]
[smart-school.in/assets/article-media/systemsetting-delete-language.png]
[smart-school.in/assets/article-media/01 language settings.png]
[smart-school.in/article/how-to-manage-language.html]
[smart-school.in/article/iis-windows-server-installation.html]
[smart-school.in/article/nginx-installation.html]
[smart-school.in/article/installation-issue.html]
[smart-school.in/article/unable-to-connect-my-mysql-database.html]
[smart-school.in/article/lan-access-networking-setup.html]
[smart-school.in/assets/article-media/24/fileinfo.png]
[smart-school.in/article/image-upload-not-working-in-media-manager.html]
[smart-school.in/article/logo-is-not-updating.html]
[smart-school.in/article/after-adding-staff-or-student-no-email-is-receiving-1.html]
[smart-school.in/assets/article-media/unable-sqlfile.png.png]
[smart-school.in/article/unable-to-download-database-sql-file.html]
[smart-school.in/article/avoid-using-special-character.html]
[smart-school.in/article/does-unicode-character-for-languages-supported-in-data-export-of-table-or-datatable-1.html]
[smart-school.in/assets/article-media/online-admission-review.png]
[smart-school.in/article/i-can’t-see-the-online-admission-payment-link-page-from-where-student-can-pay-online.html]
[smart-school.in/article/how-to-add-subscription-fees-in-smart-school.html]
[smart-school.in/article/unable-to-login-into-student-account.html]
[smart-school.in/article/how-to-set-start-day-of-week-sequence-at-timetable.html]
[smart-school.in/article/how-to-change-text-label-in-smart-school.html]
[smart-school.in/article/can-i-use-smart-school-without-internet-on-localhost-installation.html]
[smart-school.in/article/can-i-use-smart-school-on-localhost-or-local-lan-network.html]
[smart-school.in/article/how-to-enable-display-error-message.html]
[smart-school.in/article/how-to-find-my-envato-market-purchase-code-for-an-item.html]
[smart-school.in/article/i-have-question-where-should-i-ask.html]
[smart-school.in/article/does-smart-school-support-3-decimals-places.html]
[smart-school.in/article/how-to-check-what-version-i-am-using.html]
[smart-school.in/article/what-are-the-server-requirements-for-installing-or-running-smart-school.html]
[smart-school.in/article/does-smart-school-support-rtl-direction-for-languages.html]
[smart-school.in/article/is-rtl-supported-on-pdf-or-exported-documents.html]
[smart-school.in/article/does-unicode-character-for-languages-supported-in-data-export-of-table-or-datatable.html]
[smart-school.in/article/after-adding-staff-or-student-no-email-is-receiving.html]
[smart-school.in/article/can-i-use-smart-school-as-saas-or-multi-school-application.html]
[smart-school.in/article/can-i-use-smart-school-for-multi-school-or-multi-branch-management.html]
[smart-school.in/assets/article-media/01 offline bank payments.png]
[smart-school.in/assets/article-media/15 new offline and online bank payment option.png]
[smart-school.in/assets/article-media/16 new disabled offline bank payment.png]
[smart-school.in/assets/article-media/01 offline bank paymentss.png]
[smart-school.in/assets/article-media/010 new.png]
[smart-school.in/assets/article-media/0001 NEW.png]
[smart-school.in/assets/article-media/011111 new.png]
[smart-school.in/assets/article-media/01 lock student panel if fees remaining.png]
[smart-school.in/assets/article-media/profile enable.png]
[smart-school.in/assets/article-media/grace period .png]
[smart-school.in/assets/article-media/prfile disable.png]
[smart-school.in/assets/article-media/first.png]
[smart-school.in/assets/article-media/01 office copy.png]
[smart-school.in/assets/article-media/02 both.png]
[smart-school.in/assets/article-media/03 three.png]
[smart-school.in/assets/article-media/carry forwards.png]
[smart-school.in/assets/article-media/01 disabled single page fees print to print copy.png]
[smart-school.in/assets/article-media/02 enabled single page fees print.png]
[smart-school.in/assets/article-media/single page.png]
[smart-school.in/assets/article-media/01 collect fees in back date.png]
[smart-school.in/assets/article-media/02 disabled collect fees in back date.png]
[smart-school.in/assets/article-media/03 fees collection in back date disabled.png]
[smart-school.in/assets/article-media/04 enabled collect fees in back date.png]
[smart-school.in/assets/article-media/05 fees collection in back date enabled.png]
[smart-school.in/article/how-to-manage-fees-settings.html]
[smart-school.in/assets/article-media/01 user login.png]
[smart-school.in/assets/article-media/02 user login option.png]
[smart-school.in/assets/article-media/03 student login.png]
[smart-school.in/assets/article-media/04 parent login.png]
[smart-school.in/assets/article-media/001 student and guardian panel alternate username option for students.png]
[smart-school.in/assets/article-media/0001 student and guardian panel alternate username option for students.png]
[smart-school.in/assets/article-media/01 allow student to add timetable.png]
[smart-school.in/assets/article-media/14 add button present at student timeline.png]
[smart-school.in/assets/article-media/13 add button not present at student timeline.png]
[smart-school.in/article/how-to-manage-student-guardian-panel.html]
[smart-school.in/assets/article-media/01 new .png]
[smart-school.in/assets/article-media/02 new.png]
[smart-school.in/assets/article-media/01 news .png]
[smart-school.in/article/how-to-register-android-mobile-app.html]
[smart-school.in/assets/article-media/01 Backend theme.png]
[smart-school.in/assets/article-media/02 red theme applied.png]
[smart-school.in/article/how-to-manage-backend-theme.html]
[smart-school.in/assets/article-media/01 Login Page Background.png]
[smart-school.in/article/how-to-change-login-page-background.html]
[smart-school.in/assets/article-media/01 update logo.png]
[smart-school.in/article/how-to-update-logo.html]
[smart-school.in/assets/article-media/01 General setting.png]
[smart-school.in/assets/article-media/02 General setting field.png]
[smart-school.in/assets/article-media/03 Academic Session.png]
[smart-school.in/assets/article-media/04 Date time .png]
[smart-school.in/assets/article-media/05 currency.png]
[smart-school.in/assets/article-media/06 file .png]
[smart-school.in/article/how-to-manage-general-setting.html]
[smart-school.in/assets/article-media/systemsettings-add-session.png]
[smart-school.in/assets/article-media/setcurrentsession.png]
[smart-school.in/assets/article-media/set session.png]
[smart-school.in/article/how-to-manage-session-setting.html]
[smart-school.in/assets/article-media/01 notification setting.png]
[smart-school.in/assets/article-media/systemsetting-edit-samplemessage.png]
[smart-school.in/article/how-to-manage-notification-setting.html]
[smart-school.in/assets/article-media/01 sms setting.png]
[smart-school.in/assets/article-media/systemsetting-smssetting(2).png]
[smart-school.in/article/how-to-manage-sms-setting.html]
[smart-school.in/assets/article-media/systemsetting-email(1).png]
[smart-school.in/assets/article-media/systemsetting-email.png]
[smart-school.in/assets/article-media/about_aws_ses_integration_for_mail.png]
[smart-school.in/article/how-to-manage-email-setting.html]
[smart-school.in/assets/article-media/01 payment gateway.png]
[smart-school.in/article/how-to-manage-payment-methods-gateway.html]
[smart-school.in/assets/article-media/fees.png]
[smart-school.in/assets/article-media/payslip.png]
[smart-school.in/assets/article-media/onlineaddmission2.png]
[smart-school.in/article/how-to-add-print-header-footer.html]
[smart-school.in/assets/article-media/systemsetting-frontcms.png]
[smart-school.in/article/how-to-manage-front-cms-setting.html]
[smart-school.in/assets/article-media/test1.png]
[smart-school.in/assets/article-media/test2.png]
[smart-school.in/assets/article-media/systemsetting-assign-rolepermission(2).png]
[smart-school.in/article/how-to-add-roles-permission.html]
[smart-school.in/assets/article-media/systemsettings-backuprestore.png]
[smart-school.in/assets/article-media/systemsettings-cronsecretkey.png]
[smart-school.in/article/how-to-manage-backup-restore-process.html]
[smart-school.in/assets/article-media/Users_setting.png]
[smart-school.in/article/how-to-enabledisable-users.html]
[smart-school.in/assets/article-media/system_.png]
[smart-school.in/assets/article-media/student_ (1).png]
[smart-school.in/assets/article-media/parent_.png]
[smart-school.in/article/how-to-manage-modules.html]
[smart-school.in/assets/article-media/systemsetting-add-customfield.png]
[smart-school.in/article/how-to-add-custom-field.html]
[smart-school.in/assets/article-media/setting-enable-captcha.png]
[smart-school.in/assets/article-media/setting-login-captcha.png]
[smart-school.in/article/how-to-enable-captcha-in-smart-school.html]
[smart-school.in/assets/article-media/system_field.png]
[smart-school.in/assets/article-media/sys.png]
[smart-school.in/assets/article-media/systemsetting-invisiblefield.png]
[smart-school.in/article/how-to-disable-system-field.html]
[smart-school.in/assets/article-media/student-profile-update-setting.png]
[smart-school.in/assets/article-media/check-student-profile-icon.png]
[smart-school.in/assets/article-media/student-profile-page.png]
[smart-school.in/assets/article-media/save-student-profile.png]
[smart-school.in/article/student-profile-update.html]
[smart-school.in/assets/article-media/systemsetting-allow-filetype.png]
[smart-school.in/article/how-to-allowed-fileimage-type-extension.html]
[smart-school.in/assets/article-media/update.png]
[smart-school.in/article/how-to-check-system-update.html]
[smart-school.in/assets/article-media/academic-add-subjectgroup.png]
[smart-school.in/article/how-to-add-subject-group.html]
[smart-school.in/assets/article-media/academic-add-classtimetable.png]
[smart-school.in/assets/article-media/NN17.png]
[smart-school.in/assets/article-media/NN 18.png]
[smart-school.in/assets/article-media/NN19.png]
[smart-school.in/assets/article-media/academic-view-classtimetable.png]
[smart-school.in/article/how-to-add-class-timetable.html]
[smart-school.in/assets/article-media/academic-view-teachertimetable.png]
[smart-school.in/article/how-to-view-teacher-timetable.html]
[smart-school.in/assets/article-media/academic-promotestudent.png]
[smart-school.in/article/how-to-promote-student.html]
[smart-school.in/assets/article-media/academic-student-classtimetable.png]
[smart-school.in/article/how-student-can-view-class-timetable.html]
[smart-school.in/assets/article-media/academics-promote-student.png]
[smart-school.in/article/how-to-promote-students-for-next-session.html]
[smart-school.in/assets/article-media/01z.png]
[smart-school.in/assets/article-media/02z.png]
[smart-school.in/assets/article-media/03z.png]
[smart-school.in/assets/article-media/04z.png]
[smart-school.in/assets/article-media/05z.png]
[smart-school.in/assets/article-media/06z.png]
[smart-school.in/assets/article-media/07z.png]
[smart-school.in/assets/article-media/08z.png]
[smart-school.in/assets/article-media/09z.png]
[smart-school.in/article/how-to-add-the-assign-observation-in-cbse-examination.html]
[smart-school.in/assets/article-media/ki756.png]
[smart-school.in/assets/article-media/02p.png]
[smart-school.in/assets/article-media/03p.png]
[smart-school.in/assets/article-media/04p.png]
[smart-school.in/assets/article-media/05p.png]
[smart-school.in/assets/article-media/06p.png]
[smart-school.in/assets/article-media/07p.png]
[smart-school.in/article/how-to-add-the-exam-grade-in-cbse-examination.html]
[smart-school.in/assets/article-media/01s.png]
[smart-school.in/assets/article-media/02s.png]
[smart-school.in/assets/article-media/03s.png]
[smart-school.in/assets/article-media/fd33.png]
[smart-school.in/assets/article-media/05s.png]
[smart-school.in/article/how-to-add-the-exam-in-cbse-examination.html]
[smart-school.in/assets/article-media/01q.png]
[smart-school.in/assets/article-media/02q.png]
[smart-school.in/article/how-to-assign-view-student-in-cbse-examination.html]
[smart-school.in/assets/article-media/01t.png]
[smart-school.in/assets/article-media/02t.png]
[smart-school.in/assets/article-media/NN12.png]
[smart-school.in/article/how-to-add-exam-subjects-in-cbse-examination.html]
[smart-school.in/assets/article-media/01k5.png]
[smart-school.in/article/how-to-check-exam-schedule-in-cbse-examination.html]
[smart-school.in/assets/article-media/01K.png]
[smart-school.in/assets/article-media/02k.png]
[smart-school.in/assets/article-media/03k.png]
[smart-school.in/article/how-to-add-marks-in-cbse-examination.html]
[smart-school.in/assets/article-media/04i AT.png]
[smart-school.in/assets/article-media/05i AT.png]
[smart-school.in/assets/article-media/06i TR.png]
[smart-school.in/assets/article-media/NNN213.png]
[smart-school.in/article/how-to-add-attendance-and-teacher-remark-in-cbse-examination.html]
[smart-school.in/assets/article-media/01l.png]
[smart-school.in/assets/article-media/02l.png]
[smart-school.in/assets/article-media/03l.png]
[smart-school.in/assets/article-media/04l.png]
[smart-school.in/article/how-to-generate-the-exam-wise-rank-in-cbse-examination.html]
[smart-school.in/assets/article-media/01a.png]
[smart-school.in/assets/article-media/02a.png]
[smart-school.in/assets/article-media/03a.png]
[smart-school.in/assets/article-media/04a.png]
[smart-school.in/assets/article-media/bb.png]
[smart-school.in/assets/article-media/lku7.png]
[smart-school.in/assets/article-media/06l.png]
[smart-school.in/assets/article-media/iiu5.png]
[smart-school.in/assets/article-media/08a.png]
[smart-school.in/assets/article-media/014hy.png]
[smart-school.in/assets/article-media/10ax.png]
[smart-school.in/article/how-to-add-the-template-in-cbse-examination.html]
[smart-school.in/assets/article-media/01n.png]
[smart-school.in/assets/article-media/02n.png]
[smart-school.in/assets/article-media/03n.png]
[smart-school.in/assets/article-media/04n.png]
[smart-school.in/assets/article-media/05n.png]
[smart-school.in/assets/article-media/06n.png]
[smart-school.in/assets/article-media/07n.png]
[smart-school.in/assets/article-media/08n.png]
[smart-school.in/assets/article-media/09n.png]
[smart-school.in/assets/article-media/10n.png]
[smart-school.in/assets/article-media/11n.png]
[smart-school.in/assets/article-media/12n.png]
[smart-school.in/assets/article-media/13n.png]
[smart-school.in/article/how-to-link-the-exam-with-template-in-cbse-examination.html]
[smart-school.in/assets/article-media/01v.png]
[smart-school.in/assets/article-media/02v.png]
[smart-school.in/assets/article-media/03b.png]
[smart-school.in/assets/article-media/04v.png]
[smart-school.in/article/how-to-generate-the-template-wise-rank-in-cbse-examination.html]
[smart-school.in/assets/article-media/01r.png]
[smart-school.in/assets/article-media/01 de.png]
[smart-school.in/assets/article-media/02pp.png]
[smart-school.in/assets/article-media/03lo.png]
[smart-school.in/assets/article-media/bh5.png]
[smart-school.in/assets/article-media/02jiii.png]
[smart-school.in/assets/article-media/5hytd.png]
[smart-school.in/article/how-to-take-the-print-of-marksheet-in-cbse-examination.html]
[smart-school.in/assets/article-media/01y.png]
[smart-school.in/assets/article-media/02y.png]
[smart-school.in/assets/article-media/03y.png]
[smart-school.in/assets/article-media/04y.png]
[smart-school.in/article/how-to-check-exam-result-and-exam-schedule-from-student-side.html]
[smart-school.in/assets/article-media/01de.jpg]
[smart-school.in/assets/article-media/02fr.jpg]
[smart-school.in/assets/article-media/03hhy.png]
[smart-school.in/assets/article-media/04oi.png]
[smart-school.in/assets/article-media/5klo.png]
[smart-school.in/assets/article-media/06ft.jpg]
[smart-school.in/assets/article-media/07ki.png]
[smart-school.in/assets/article-media/NN10.png]
[smart-school.in/assets/article-media/NN11.png]
[smart-school.in/article/how-to-show-cbse-exam-result-tab-on-front-site.html]
[smart-school.in/assets/article-media/01k-2.png]
[smart-school.in/assets/article-media/02kj.png]
[smart-school.in/assets/article-media/03kj.png]
[smart-school.in/article/how-to-check-template-marks-report-in-cbse-examination.html]
[smart-school.in/assets/article-media/01f.png]
[smart-school.in/assets/article-media/02f.png]
[smart-school.in/assets/article-media/03f.png]
[smart-school.in/assets/article-media/04f.png]
[smart-school.in/article/how-to-check-the-subject-marks-report-cbse-examination.html]
[smart-school.in/assets/article-media/onlineadmission-studentlist.png]
[smart-school.in/assets/article-media/onlineadmission-admin-print.png]
[smart-school.in/assets/article-media/onlineadmission-admin-edit.png]
[smart-school.in/article/how-to-check-online-admission-student-list.html]
[smart-school.in/assets/article-media/onlineadmission-report.png]
[smart-school.in/article/how-to-check-online-admission-fees-collection-report.html]
[smart-school.in/assets/article-media/studentinformation-create-category.png]
[smart-school.in/article/how-to-create-student-categories.html]
[smart-school.in/assets/article-media/studentinformation-add-studenthouse.png]
[smart-school.in/article/how-to-add-student-house.html]
[smart-school.in/assets/article-media/student admission.png]
[smart-school.in/article/how-to-conduct-student-admissions-offline.html]
[smart-school.in/article/how-to-add-siblings.html]
[smart-school.in/assets/article-media/studentinformation-import-student.png]
[smart-school.in/article/how-to-import-student.html]
[smart-school.in/assets/article-media/studentinformation-onlineadmission.png]
[smart-school.in/assets/article-media/studentinformation-onlineadmission-studentlist.png]
[smart-school.in/assets/article-media/online admission.png]
[smart-school.in/article/how-to-online-admission.html]
[smart-school.in/assets/article-media/Student information.png]
[smart-school.in/assets/article-media/student details.png]
[smart-school.in/assets/article-media/studentinformation-logincredential.png]
[smart-school.in/assets/article-media/studentinformation-disablestudent.png]
[smart-school.in/article/how-to-view-student-details.html]
[smart-school.in/assets/article-media/studentinformation-view-disablestudent.png]
[smart-school.in/article/how-to-view-disabled-student.html]
[smart-school.in/assets/article-media/studentinformation-add-multistudent.png]
[smart-school.in/article/how-to-add-multi-class-student.html]
[smart-school.in/assets/article-media/studentinformation-delete-bulkstudent.png]
[smart-school.in/article/how-to-delete-student-in-bulk.html]
[smart-school.in/assets/article-media/studentinformation-add-disablereason.png]
[smart-school.in/article/how-to-add-disable-reason.html]
[smart-school.in/assets/article-media/studentinformation-report-student.png]
[smart-school.in/article/how-to-check-student-report.html]
[smart-school.in/assets/article-media/studentinformation-report-guardian.png]
[smart-school.in/article/how-to-check-guardian-report.html]
[smart-school.in/assets/article-media/studentinformation-report-studenthistory.png]
[smart-school.in/article/how-to-check-student-history-report.html]
[smart-school.in/assets/article-media/01 student login credential.png]
[smart-school.in/assets/article-media/student login credential report.png]
[smart-school.in/article/how-to-check-student-login-credential-report.html]
[smart-school.in/assets/article-media/studentinformation-report-classsubject.png]
[smart-school.in/article/how-to-check-class-subject-report.html]
[smart-school.in/assets/article-media/studentinformation-report-admission.png]
[smart-school.in/article/how-to-check-admission-report.html]
[smart-school.in/assets/article-media/studentinformation-report-sibling.png]
[smart-school.in/article/how-to-check-sibling-report.html]
[smart-school.in/assets/article-media/studentinformation-report-studentprofile.png]
[smart-school.in/article/how-to-check-student-profile-report.html]
[smart-school.in/assets/article-media/studentinformation-report-genderratio.png]
[smart-school.in/article/how-to-check-student-gender-ratio-report.html]
[smart-school.in/assets/article-media/studentinformation-report-teacherratio.png]
[smart-school.in/article/how-to-check-student-teacher-ratio-report.html]
[smart-school.in/article/how-to-check-homework-evaluation-report-1.html]
[smart-school.in/assets/article-media/Attendance 0024.png]
[smart-school.in/article/how-to-check-class-wise-daily-attendance-report.html]
[smart-school.in/assets/article-media/Screenshot (33).png]
[smart-school.in/assets/article-media/Screenshot-35.png]
[smart-school.in/assets/article-media/Screenshot (35).png]
[smart-school.in/article/how-to-mark-period-attendance.html]
[smart-school.in/assets/article-media/attendance-check-periodbydate.png]
[smart-school.in/article/how-to-check-period-attendance-by-date.html]
[smart-school.in/assets/article-media/attendance-report-period-staff.png]
[smart-school.in/article/how-to-check-staff-period-wise-attendance-report.html]
[smart-school.in/assets/article-media/attendance-report-period.png]
[smart-school.in/article/how-to-check-period-attendance-report.html]
[smart-school.in/assets/article-media/feescollection-view-collectfees.png]
[smart-school.in/assets/article-media/add ss.png]
[smart-school.in/assets/article-media/print ss.png]
[smart-school.in/assets/article-media/fees note in the fee receipts.png]
[smart-school.in/assets/article-media/revert ss.png]
[smart-school.in/assets/article-media/revert confirmation.png]
[smart-school.in/assets/article-media/feescollection-collectfees.png]
[smart-school.in/assets/article-media/Feecollection-adujstment.png]
[smart-school.in/article/how-to-add-collect-fees.html]
[smart-school.in/assets/article-media/feescollection-report-balancefee-statement.png]
[smart-school.in/article/how-to-check-balance-fees-statement.html]
[smart-school.in/assets/article-media/student-collect-fees.png]
[smart-school.in/assets/article-media/student-print-collect-fees.png]
[smart-school.in/article/how-to-pay-fees.html]
[smart-school.in/assets/article-media/feescollection-student-fees.png]
[smart-school.in/article/how-student-can-view-fees-details.html]
[smart-school.in/assets/article-media/feescollection-search-feespayment.png]
[smart-school.in/assets/article-media/feescollection-paymentid.png]
[smart-school.in/article/how-to-search-fees-payment.html]
[smart-school.in/assets/article-media/search due feess.png]
[smart-school.in/assets/article-media/student list.png]
[smart-school.in/article/how-to-search-due-fees.html]
[smart-school.in/assets/article-media/Feescollection-feescarryforward.png]
[smart-school.in/assets/article-media/carry forward.png]
[smart-school.in/article/how-to-carry-forward-fees.html]
[smart-school.in/assets/article-media/feescollection-feesreminder.png]
[smart-school.in/article/how-to-fees-reminder.html]
[smart-school.in/assets/article-media/feecollection-report-feestatetment.png]
[smart-school.in/article/how-to-check-fees-statement-report.html]
[smart-school.in/assets/article-media/balance fees report.png]
[smart-school.in/article/how-to-check-balance-fees-report.html]
[smart-school.in/assets/article-media/Fees collection report ss.png]
[smart-school.in/article/how-to-check-fees-collection-report.html]
[smart-school.in/assets/article-media/feescollection-report-onlinefees.png]
[smart-school.in/article/how-to-check-online-fees-collection-report.html]
[smart-school.in/assets/article-media/feescollection-report-payroll.png]
[smart-school.in/article/how-to-check-payroll-report.html]
[smart-school.in/assets/article-media/feescollection-report-daily-collection.png]
[smart-school.in/article/how-to-check-daily-collection-report.html]
[smart-school.in/assets/article-media/balance fees report with remark...png]
[smart-school.in/article/how-to-check-balance-fees-report-with-remark-report.html]
[smart-school.in/assets/article-media/publish_exam.png]
[smart-school.in/assets/article-media/publish_result.png]
[smart-school.in/article/how-to-publish-exam-and-exam-result-in-smart-school.html]
[smart-school.in/assets/article-media/examination-examlist-exammark.png]
[smart-school.in/assets/article-media/examination-add-exammark.png]
[smart-school.in/assets/article-media/examination-entermark.png]
[smart-school.in/assets/article-media/examination-add-entermarks.png]
[smart-school.in/article/how-to-add-marks-in-exam.html]
[smart-school.in/assets/article-media/examination-linkexam.png]
[smart-school.in/article/how-to-link-two-exams.html]
[smart-school.in/assets/article-media/examination-check-examschedule.png]
[smart-school.in/article/how-to-check-exam-schedule.html]
[smart-school.in/assets/article-media/examination-add-designadmitcart.png]
[smart-school.in/assets/article-media/examination-view-admitcard.png]
[smart-school.in/article/how-to-add-design-admit-card.html]
[smart-school.in/assets/article-media/examination-printadmitcard.png]
[smart-school.in/assets/article-media/examination-print.png]
[smart-school.in/article/how-to-print-admit-card.html]
[smart-school.in/assets/article-media/examination-add-examresult.png]
[smart-school.in/article/how-to-check-exam-result.html]
[smart-school.in/assets/article-media/examination-add-designmarksheet.png]
[smart-school.in/assets/article-media/Examination-view-marksheet.png]
[smart-school.in/article/how-to-add-design-marksheet.html]
[smart-school.in/assets/article-media/01 print marksheet ss.png]
[smart-school.in/assets/article-media/02 Student list.png]
[smart-school.in/assets/article-media/03 single download marksheet.png]
[smart-school.in/assets/article-media/05 new bulk download...png]
[smart-school.in/assets/article-media/04 sent to email.png]
[smart-school.in/article/how-to-print-marksheet.html]
[smart-school.in/assets/article-media/examination-report-rank.png.png]
[smart-school.in/article/how-to-check-rank-report.html]
[smart-school.in/assets/article-media/examination-student-examschdule.png]
[smart-school.in/assets/article-media/Examination-view-student-exams.png]
[smart-school.in/article/how-student-can-check-exam-schedule.html]
[smart-school.in/assets/article-media/examination-student-examresult.png]
[smart-school.in/article/how-student-check-exam-result.html]
[smart-school.in/assets/article-media/onlineex-assignstudent.png]
[smart-school.in/assets/article-media/onlineex-list-assignstudent.png]
[smart-school.in/article/how-to-assignview-student-for-online-exam.html]
[smart-school.in/assets/article-media/onlineex-evaluate-exam.png]
[smart-school.in/assets/article-media/onlineex-evaluate-answer.png]
[smart-school.in/article/how-to-evaluate-descriptive-type-question.html]
[smart-school.in/assets/article-media/onlineex-generate-rank.png]
[smart-school.in/assets/article-media/onlineex-rankstudent-list.png]
[smart-school.in/article/how-to-generate-students-exam-rank.html]
[smart-school.in/assets/article-media/onlineex-examresult-report-1.png]
[smart-school.in/assets/article-media/online examamination result report 2nd ss.png]
[smart-school.in/article/how-to-check-online-exam-result-report.html]
[smart-school.in/assets/article-media/onlineex-exam-report.png]
[smart-school.in/article/how-to-check-online-exams-report.html]
[smart-school.in/assets/article-media/onlineex-attempt-report.png]
[smart-school.in/article/how-to-check-online-exams-attempt-report.html]
[smart-school.in/assets/article-media/onlineex-rank-report.png]
[smart-school.in/article/how-to-check-online-exam-rank-report.html]
[smart-school.in/assets/article-media/onlineex-student-exam.png]
[smart-school.in/assets/article-media/onlineex-student-examdetails.png]
[smart-school.in/assets/article-media/onlineex-test.png]
[smart-school.in/article/how-can-student-attempt-online-exam.html]
[smart-school.in/assets/article-media/frontcms-add-gallery.png]
[smart-school.in/assets/article-media/frontcms-list-gallery.png]
[smart-school.in/article/how-to-add-gallery.html]
[smart-school.in/assets/article-media/frontcms-add-news.png]
[smart-school.in/assets/article-media/frontcms-list-news.png]
[smart-school.in/article/how-to-add-news.html]
[smart-school.in/assets/article-media/frontcms-add-bannerimage.png]
[smart-school.in/assets/article-media/frontcms-bannerimage.png]
[smart-school.in/article/how-to-add-banner-images.html]
[smart-school.in/assets/article-media/01 front cms menus.png]
[smart-school.in/assets/article-media/02 add menus item page.png]
[smart-school.in/assets/article-media/03 how to add exam result.png]
[smart-school.in/assets/article-media/04 exam result in menu item list.png]
[smart-school.in/assets/article-media/05 edit menu item.png]
[smart-school.in/assets/article-media/06 delete menu item.png]
[smart-school.in/assets/article-media/07 front site.png]
[smart-school.in/assets/article-media/08 exam result module is disabled.png]
[smart-school.in/assets/article-media/12 exam result search by admission no1.png]
[smart-school.in/article/how-to-show-exam-result-tab-in-front-site.html]
[smart-school.in/assets/article-media/08 Multi Branch Overview ss.png]
[smart-school.in/assets/article-media/09 Multi Branch overview ss1.png]
[smart-school.in/assets/article-media/10 fees details sss.png]
[smart-school.in/assets/article-media/11 Transport fees details.png]
[smart-school.in/assets/article-media/12 Student admission.png]
[smart-school.in/assets/article-media/13 Library details.png]
[smart-school.in/assets/article-media/14 Alumni student.png]
[smart-school.in/assets/article-media/15 Staff payroll.png]
[smart-school.in/assets/article-media/16 Staff attendance.png]
[smart-school.in/assets/article-media/17 User log .png]
[smart-school.in/article/how-to-check-multi-branch-overview.html]
[smart-school.in/assets/article-media/18 mb report.png]
[smart-school.in/assets/article-media/19 daily collection report R .png]
[smart-school.in/assets/article-media/20 view daily collection .png]
[smart-school.in/assets/article-media/21 Payroll report.png]
[smart-school.in/assets/article-media/22 Income report.png]
[smart-school.in/assets/article-media/23 Income report search.png]
[smart-school.in/assets/article-media/24 Expanse report.png]
[smart-school.in/assets/article-media/25 Expanse report search.png]
[smart-school.in/assets/article-media/27 User call log .png]
[smart-school.in/assets/article-media/28 User call log details.png]
[smart-school.in/article/how-to-check-multi-branch-report.html]
[smart-school.in/assets/article-media/onlinecourse-parent-course.png]
[smart-school.in/article/how-to-check-online-course-from-parent-panel.html]
[smart-school.in/assets/article-media/onlinecourse-student-purchase-course.png]
[smart-school.in/assets/article-media/onlinecourse-student-purchase-course-2.png]
[smart-school.in/assets/article-media/onlinecourse-payment-1.png]
[smart-school.in/assets/article-media/onlinecourse-payment-success.png]
[smart-school.in/assets/article-media/onlinecourse-start-lesson.png]
[smart-school.in/assets/article-media/onlinecourse-free-course.png]
[smart-school.in/assets/article-media/onlinecourse-start-lesson-2.png]
[smart-school.in/assets/article-media/onlinecourse-student-start-quiz-button.png]
[smart-school.in/assets/article-media/onlinecourse-start-quiz.png]
[smart-school.in/assets/article-media/onlinecourse-student-quiz-performance.png]
[smart-school.in/assets/article-media/onlinecourse-student-course-performance.png]
[smart-school.in/assets/article-media/onlinecourse-course-progress.png]
[smart-school.in/article/how-to-purchase-course-from-student-panel.html]
[smart-school.in/assets/article-media/onlinecourse-collect-offline-payment.png]
[smart-school.in/assets/article-media/onlinecourse-revert-payment.png]
[smart-school.in/assets/article-media/onlinecourse-print-payslip.png]
[smart-school.in/article/how-to-collect-offline-payment-for-paid-online-course.html]
[smart-school.in/assets/article-media/01 student course purchase report.png]
[smart-school.in/assets/article-media/NN9.png]
[smart-school.in/assets/article-media/NN16.png]
[smart-school.in/assets/article-media/onlinecourse-sell-count-report.png]
[smart-school.in/assets/article-media/onlinecourse-trending-report.png]
[smart-school.in/assets/article-media/onlinecourse-course-complete-report.png]
[smart-school.in/assets/article-media/onlinecourse-check-performance.png]
[smart-school.in/assets/article-media/02 Course rating report.png]
[smart-school.in/assets/article-media/03 view rating.png]
[smart-school.in/assets/article-media/04 delete rating.png]
[smart-school.in/assets/article-media/05 Guest user report.png]
[smart-school.in/article/how-to-check-online-course-reports.html]
[smart-school.in/assets/article-media/NN7.png]
[smart-school.in/assets/article-media/onlinecourse-api-secret-key.jpg]
[smart-school.in/assets/article-media/WhatsApp Image 2023-12-02 at 5.45.21 PM.jpg]
[smart-school.in/article/how-to-manage-aws-s3-bucket-setting.html]
[smart-school.in/assets/article-media/01 Online Course-2.png]
[smart-school.in/assets/article-media/02 filter and refine option.png]
[smart-school.in/assets/article-media/03 filter and refine option removed.png]
[smart-school.in/assets/article-media/04 reset option.png]
[smart-school.in/assets/article-media/05 category.png]
[smart-school.in/assets/article-media/06 search by course.png]
[smart-school.in/assets/article-media/07 Price Range.png]
[smart-school.in/assets/article-media/08 Price Free Paid.png]
[smart-school.in/assets/article-media/09 Low.png]
[smart-school.in/assets/article-media/10 Show all Course rating.png]
[smart-school.in/assets/article-media/11 Card option.png]
[smart-school.in/assets/article-media/12 List option.png]
[smart-school.in/assets/article-media/13 Best Seller.png]
[smart-school.in/assets/article-media/14 Newest.png]
[smart-school.in/assets/article-media/15 Best Rated.png]
[smart-school.in/assets/article-media/16 Price.png]
[smart-school.in/article/how-to-manage-online-course-front-site-page.html]
[smart-school.in/assets/article-media/01 online courses.png]
[smart-school.in/assets/article-media/02 go to cart option.png]
[smart-school.in/assets/article-media/03 proceed to checkout.png]
[smart-school.in/assets/article-media/04 guest login.png]
[smart-school.in/assets/article-media/05 guest registrations.png]
[smart-school.in/assets/article-media/gateway.png]
[smart-school.in/article/how-can-a-guest-user-buy-a-course.html]
[smart-school.in/assets/article-media/01 online courses1.png]
[smart-school.in/assets/article-media/02 free course.png]
[smart-school.in/assets/article-media/04 Go to card04.png]
[smart-school.in/assets/article-media/05 proceed to checkout01.png]
[smart-school.in/article/how-to-add-course-in-the-cart-from-the-front-site.html]
[smart-school.in/assets/article-media/01 course category.png]
[smart-school.in/assets/article-media/02 edit course category.png]
[smart-school.in/assets/article-media/03 delete course category.png]
[smart-school.in/assets/article-media/04 view course category added.png]
[smart-school.in/article/how-to-add-course-category.html]
[smart-school.in/assets/article-media/NN8.png]
[smart-school.in/article/how-to-generate-a-dynamic-guest-user-prefix-and-id.html]
[smart-school.in/assets/article-media/01 online course front page.png]
[smart-school.in/assets/article-media/02 login.png]
[smart-school.in/assets/article-media/03 Guest Registration.png]
[smart-school.in/assets/article-media/04 front Page after login.png]
[smart-school.in/assets/article-media/05 forgot password.png]
[smart-school.in/assets/article-media/06 forgot password enter email id.png]
[smart-school.in/assets/article-media/07 check email for recovery password.png]
[smart-school.in/article/how-to-guest-user-signup-login-to-online-course.html]
[smart-school.in/assets/article-media/01 online course front page01.png]
[smart-school.in/assets/article-media/02 login window.png]
[smart-school.in/assets/article-media/03 student or guest panel.png]
[smart-school.in/assets/article-media/04 course details.png]
[smart-school.in/assets/article-media/05 add rating model.png]
[smart-school.in/assets/article-media/06 view rating in front page.png]
[smart-school.in/assets/article-media/07 view student feedback.png]
[smart-school.in/article/how-student-guest-can-rate-and-review-course.html]
[smart-school.in/assets/article-media/01 purchase history.png]
[smart-school.in/article/how-can-students-or-guest-view-purchase-history.html]
[smart-school.in/assets/article-media/16 search data by class n section.png]
[smart-school.in/assets/article-media/15 previous incident list.png]
[smart-school.in/assets/article-media/17 action column.png]
[smart-school.in/assets/article-media/18 add assign incident.png]
[smart-school.in/assets/article-media/19 add assign incident point.png]
[smart-school.in/assets/article-media/20 clicking check box.png]
[smart-school.in/article/how-to-assign-incidents-to-the-students.html]
[smart-school.in/assets/article-media/21 view assign incident with point icon.png]
[smart-school.in/assets/article-media/22 view assing incident .png]
[smart-school.in/assets/article-media/23 Delete assign incident.png]
[smart-school.in/assets/article-media/24 Delete confirmation of incident assign.png]
[smart-school.in/article/how-to-view-the-assigned-incident.html]
[smart-school.in/assets/article-media/25 behaviour record report.png]
[smart-school.in/assets/article-media/26 student incident report.png]
[smart-school.in/assets/article-media/27 student incident list.png]
[smart-school.in/assets/article-media/28 view student incident .jpg]
[smart-school.in/assets/article-media/29 assign student.png]
[smart-school.in/assets/article-media/30 Student behaviour rank reporta.png]
[smart-school.in/assets/article-media/31 SBR s.png]
[smart-school.in/assets/article-media/33 Typeg.png]
[smart-school.in/assets/article-media/34 Fill Type rangeh.png]
[smart-school.in/assets/article-media/35 fill point rangej.png]
[smart-school.in/assets/article-media/36 point range report k.png]
[smart-school.in/assets/article-media/37 showl.png]
[smart-school.in/assets/article-media/38 incident detialsz.png]
[smart-school.in/assets/article-media/39 x.png]
[smart-school.in/assets/article-media/40 Class wise rank reportc.png]
[smart-school.in/assets/article-media/41 rank detail showc.png]
[smart-school.in/assets/article-media/42 rank details v.png]
[smart-school.in/assets/article-media/43 class section wise b.png]
[smart-school.in/assets/article-media/44 class section wise n.png]
[smart-school.in/assets/article-media/45 class section wise m.png]
[smart-school.in/assets/article-media/46 class section wise detailsq.png]
[smart-school.in/assets/article-media/47 house wise rank reportw.png]
[smart-school.in/assets/article-media/48 house wise rank listtt.png]
[smart-school.in/assets/article-media/49 showy.png]
[smart-school.in/assets/article-media/50 house wise rank detailsu.png]
[smart-school.in/assets/article-media/51 incident wise reporti.png]
[smart-school.in/assets/article-media/52 incident wise report listo.png]
[smart-school.in/assets/article-media/53 select incident current session wisep.png]
[smart-school.in/assets/article-media/88.png]
[smart-school.in/assets/article-media/55 viewll.png]
[smart-school.in/assets/article-media/56 assign student listh.png]
[smart-school.in/assets/article-media/89.png]
[smart-school.in/article/how-to-check-behaviour-records-in-reports.html]
[smart-school.in/assets/article-media/58 student details.png]
[smart-school.in/assets/article-media/59 Student list.png]
[smart-school.in/assets/article-media/60 Student profiled.png]
[smart-school.in/assets/article-media/61 Student profile behaviour listy.png]
[smart-school.in/article/how-can-we-check-the-students-behaviour-report-in-his-profile.html]
[smart-school.in/assets/article-media/62 behaviour comment.png]
[smart-school.in/assets/article-media/63 comment checked in check box.png]
[smart-school.in/assets/article-media/64 student details.png]
[smart-school.in/assets/article-media/65 Student list.png]
[smart-school.in/assets/article-media/60 Student profiledg.png]
[smart-school.in/assets/article-media/61 Student profile behaviour listyj.png]
[smart-school.in/assets/article-media/91.png]
[smart-school.in/assets/article-media/69 comment box.png]
[smart-school.in/assets/article-media/70 comment message send.png]
[smart-school.in/assets/article-media/71 student login.png]
[smart-school.in/assets/article-media/72 Student profile.png]
[smart-school.in/assets/article-media/61 Student profile behaviour listx.png]
[smart-school.in/assets/article-media/74 comment message.png]
[smart-school.in/assets/article-media/75 Student comment reply.png]
[smart-school.in/article/how-to-comment-on-an-incident.html]
[smart-school.in/assets/article-media/2FA2.png]
[smart-school.in/assets/article-media/12 Mobile setup .png]
[smart-school.in/assets/article-media/03 set 2FA3.png]
[smart-school.in/assets/article-media/2FA.png]
[smart-school.in/article/how-to-manually-configure-the-key-for-superadmin-and-staff.html]
[smart-school.in/assets/article-media/02.png]
[smart-school.in/assets/article-media/03ii.png]
[smart-school.in/assets/article-media/log in.png]
[smart-school.in/article/how-to-check-two-factor-authentication-working-for-superadmin-in-your-smart-school.html]
[smart-school.in/assets/article-media/02i-2.png]
[smart-school.in/assets/article-media/19 verify sign inss.png]
[smart-school.in/assets/article-media/teacher login4.png]
[smart-school.in/article/how-to-check-two-factor-authentication-working-for-staff-in-your-smart-school.html]
[smart-school.in/assets/article-media/21 student login temporary sss.png]
[smart-school.in/assets/article-media/22 student login sss.png]
[smart-school.in/assets/article-media/23 Setup 2FA ss.png]
[smart-school.in/assets/article-media/24 GA Icon .png]
[smart-school.in/assets/article-media/25 Mobile setup.png]
[smart-school.in/assets/article-media/smart school1.png]
[smart-school.in/assets/article-media/27 setup 2FA.png]
[smart-school.in/assets/article-media/28 setup 2FA method.png]
[smart-school.in/article/how-to-configure-two-factor-authentication-in-your-smart-school-for-users-students-and-parents.html]
[smart-school.in/assets/article-media/29 setup 2FA methodss.png]
[smart-school.in/assets/article-media/30 Delete.png]
[smart-school.in/article/how-to-delete-the-2fa-account-for-user-login-students-or-parents.html]
[smart-school.in/assets/article-media/31 Manually configuress.png]
[smart-school.in/assets/article-media/32 Mobile setup.png]
[smart-school.in/assets/article-media/33 manually configure ss.png]
[smart-school.in/assets/article-media/34 setup 2FA.png]
[smart-school.in/article/how-to-manually-set-up-the-key-for-user-login-student-or-parent.html]
[smart-school.in/assets/article-media/35 User sign in sss.png]
[smart-school.in/assets/article-media/36 verify signss.png]
[smart-school.in/assets/article-media/37 student login temporary sss.png]
[smart-school.in/article/how-to-check-if-two-factor-authentication-is-working-for-users-students-or-parents-in-your-smart-school.html]
[smart-school.in/assets/article-media/NN1.png]
[smart-school.in/assets/article-media/zoom-add-live-class-admin.png]
[smart-school.in/assets/article-media/NN2.png]
[smart-school.in/assets/article-media/NN3.png]
[smart-school.in/assets/article-media/NN4.png]
[smart-school.in/assets/article-media/update 02.png]
[smart-school.in/article/how-to-create-zoom-live-classes.html]
[smart-school.in/assets/article-media/zoom-class-awaiting.png]
[smart-school.in/assets/article-media/zoom-join-liveclass.png]
[smart-school.in/article/how-to-join-zoom-live-classes-from-student-parent-side.html]
[smart-school.in/assets/article-media/71/live-class-report.png]
[smart-school.in/assets/article-media/71/live-class-report-join-list.png]
[smart-school.in/article/how-to-check-zoom-live-classes-report.html]
[smart-school.in/assets/article-media/update 03.png]
[smart-school.in/assets/article-media/update 04.png]
[smart-school.in/assets/article-media/ss 02.png]
[smart-school.in/article/how-to-create-zoom-live-meeting.html]
[smart-school.in/assets/article-media/zoom-meeting-notstart.png]
[smart-school.in/assets/article-media/zoom-join-live-meeting.png]
[smart-school.in/article/how-to-join-zoom-live-meeting.html]
[smart-school.in/assets/article-media/72/live-meeting-report.png]
[smart-school.in/assets/article-media/72/live-meeting-report-join-list.png]
[smart-school.in/article/how-to-check-zoom-live-meeting-report.html]
[smart-school.in/assets/article-media/zoom-invalidaccess.png]
[smart-school.in/article/how-to-resolve-invalid-access-token-issue.html]
[smart-school.in/assets/article-media/Live-Class-with-self-api-key-1-.png]
[smart-school.in/article/how-to-conducted-multiple-zoom-live-classes-simultaneously.html]
[smart-school.in/article/how-to-enabledisable-zoom-client-app-usage.html]
[smart-school.in/article/old-how-to-generate-the-zoom-api-credential.html]
[smart-school.in/assets/article-media/gmeet-create-livemeeting.png]
[smart-school.in/assets/article-media/gmeet-create-meeting-1.png]
[smart-school.in/assets/article-media/gmeet-invitedstaff.png]
[smart-school.in/assets/article-media/gmeet-delete-livemeeting.png]
[smart-school.in/article/how-to-create-gmeet-live-meeting.html]
[smart-school.in/assets/article-media/gmeet-join-livemeeting.png]
[smart-school.in/article/how-to-join-gmeet-live-meeting.html]
[smart-school.in/assets/article-media/gmeet-report-livemeeting.png]
[smart-school.in/assets/article-media/gmeet-report-live-meeting-joinlist.png]
[smart-school.in/article/how-to-check-gmeet-live-meeting-report.html]
[smart-school.in/assets/article-media/NN5.png]
[smart-school.in/article/how-to-configure-gmeet-live-class.html]
[smart-school.in/assets/article-media/gmeet-create-newproject.png]
[smart-school.in/assets/article-media/gmeet-config-1.png]
[smart-school.in/assets/article-media/gmeet-config-2.png]
[smart-school.in/assets/article-media/gmeet-consent.png]
[smart-school.in/assets/article-media/gmeet-config-4.png]
[smart-school.in/assets/article-media/gmeet-create-credential.png]
[smart-school.in/assets/article-media/gmeet-config-6.png]
[smart-school.in/assets/article-media/gmeet-config-7.png]
[smart-school.in/assets/article-media/NN6.png]
[smart-school.in/article/how-to-get-gmeet-api-key-and-secret-key.html]
[smart-school.in/assets/article-media/63/syllabus-status-report.png]
[smart-school.in/article/how-to-check-syllabus-status-report.html]
[smart-school.in/assets/article-media/64/subject-lesson-plan-report.png]
[smart-school.in/assets/article-media/64/lesson-plan-view.png]
[smart-school.in/article/how-to-check-subject-lesson-plan-report.html]
[smart-school.in/assets/article-media/01 ss.png]
[smart-school.in/assets/article-media/02 ss.png]
[smart-school.in/assets/article-media/03 ss.png]
[smart-school.in/assets/article-media/04 ss.png]
[smart-school.in/assets/article-media/05 ss.png]
[smart-school.in/assets/article-media/06 ss.png]
[smart-school.in/article/how-to-add-copy-old-lessons.html]
[smart-school.in/assets/article-media/01 approve leave superadmin panel.png]
[smart-school.in/assets/article-media/02 add leave superadmin panel.png]
[smart-school.in/assets/article-media/02 add leave superadmin panels.png]
[smart-school.in/assets/article-media/approve leave list.png]
[smart-school.in/assets/article-media/04 edit leave superadmin panel.png]
[smart-school.in/assets/article-media/05 delete option for superadmin panel.png]
[smart-school.in/article/how-to-add-approve-leave.html]
[smart-school.in/assets/article-media/attendance-report-studentperiod.png]
[smart-school.in/article/how-to-check-student-period-attendance-report.html]
[smart-school.in/assets/article-media/attendance-report-period-daily.png]
[smart-school.in/article/how-to-check-daily-period-attendance-report.html]
[smart-school.in/assets/article-media/attendance-student-monthly.png]
[smart-school.in/article/how-to-check-student-monthly-attendance.html]
[smart-school.in/assets/article-media/attendance-student-dateby.png]
[smart-school.in/article/how-to-check-student-period-attendance-by-date.html]
[smart-school.in/assets/article-media/M1.png]
[smart-school.in/assets/article-media/M2.png]
[smart-school.in/assets/article-media/M31.png]
[smart-school.in/assets/article-media/M6.png]
[smart-school.in/assets/article-media/M7.png]
[smart-school.in/assets/article-media/M8.png]
[smart-school.in/assets/article-media/M61.png]
[smart-school.in/assets/article-media/M9.png]
[smart-school.in/article/how-to-create-staffadmin-id-card-and-show-barcode-and-qr-code-on-id.html]
[smart-school.in/assets/article-media/M3.png]
[smart-school.in/assets/article-media/01 generate staff id card ss.png]
[smart-school.in/assets/article-media/02 staff list ss.png]
[smart-school.in/assets/article-media/03 human resource ss.png]
[smart-school.in/assets/article-media/04 staff directery ss.png]
[smart-school.in/assets/article-media/05 barcode ss.png]
[smart-school.in/assets/article-media/M4.png]
[smart-school.in/assets/article-media/M5.png]
[smart-school.in/article/how-to-generate-barcode-and-qr-code-for-adminstaff-on-his-profile.html]
[smart-school.in/assets/article-media/SS11.png]
[smart-school.in/assets/article-media/SS2.png]
[smart-school.in/assets/article-media/SS3.png]
[smart-school.in/assets/article-media/SS4.png]
[smart-school.in/assets/article-media/SS5.png]
[smart-school.in/assets/article-media/SS6.png]
[smart-school.in/assets/article-media/SS7.png]
[smart-school.in/article/how-to-add-qr-code-in-student-id-card-and-his-profile.html]
[smart-school.in/assets/article-media/frontoffice-add-postaldispatch.png]
[smart-school.in/assets/article-media/frontoffice-detail-postaldispatch.png]
[smart-school.in/article/how-to-add-postal-dispatch.html]
[smart-school.in/assets/article-media/frontoffice-add-postalrecieve.png]
[smart-school.in/assets/article-media/frontoffice-detail-postalrecieve.png]
[smart-school.in/article/how-to-add-postal-receive.html]
[smart-school.in/assets/article-media/frontoffice-add-complain.png]
[smart-school.in/assets/article-media/frontoffice-detail-complain.png]
[smart-school.in/article/how-to-add-complain.html]
[smart-school.in/assets/article-media/humanresource-importstaff.png]
[smart-school.in/article/how-to-import-staff.html]
[smart-school.in/assets/article-media/Staff Attendance 02.png]
[smart-school.in/assets/article-media/Staff Attendance 04.png]
[smart-school.in/assets/article-media/Staff Attendance 05.png]
[smart-school.in/assets/article-media/Staff Attendance 03.png]
[smart-school.in/assets/article-media/Staff Attendance 06.png]
[smart-school.in/assets/article-media/Staff Attendance 07.png]
[smart-school.in/assets/article-media/Staff Attendance 008.png]
[smart-school.in/assets/article-media/Staff Attendance 009.png]
[smart-school.in/assets/article-media/staff attendance 010.jpg]
[smart-school.in/assets/article-media/staff attendance 011.jpg]
[smart-school.in/assets/article-media/Staff Attendance 010.png]
[smart-school.in/assets/article-media/Staff Attendance 011.png]
[smart-school.in/article/how-to-mark-staff-attendance.html]
[smart-school.in/assets/article-media/01 h1.png]
[smart-school.in/assets/article-media/02 h2.png]
[smart-school.in/assets/article-media/03 hr3.png]
[smart-school.in/assets/article-media/humanresource-staffdetail-payroll.png]
[smart-school.in/assets/article-media/04 hr.png]
[smart-school.in/assets/article-media/05 hr.png]
[smart-school.in/assets/article-media/edit option new ss.png]
[smart-school.in/assets/article-media/humanresource-proceedtopay.png]
[smart-school.in/assets/article-media/07 hr.png]
[smart-school.in/assets/article-media/humanresource-viewpayslip.png]
[smart-school.in/assets/article-media/humanresource-print-payslip.png]
[smart-school.in/article/how-to-generate-payroll-for-staff-members.html]
[smart-school.in/assets/article-media/humanresource-applyleave.png]
[smart-school.in/assets/article-media/humanresource-view-applyleavestaff-detail.png]
[smart-school.in/article/how-to-apply-leave.html]
[smart-school.in/assets/article-media/humanresource-add-leaverequest.png]
[smart-school.in/assets/article-media/humanresource-view-approveleave.png]
[smart-school.in/article/how-to-approve-leave-request.html]
[smart-school.in/assets/article-media/humanresource-teacherrating.png]
[smart-school.in/article/how-to-view-teachers-rating.html]
[smart-school.in/assets/article-media/humanresource-disabledstaff.png]
[smart-school.in/assets/article-media/humanresource-disablestaffprofile.png]
[smart-school.in/article/how-to-view-disabled-staff.html]
[smart-school.in/assets/article-media/humanresource-report-staff.png]
[smart-school.in/article/how-to-check-staff-attendance-report.html]
[smart-school.in/assets/article-media/humanresource-report-payroll.png]
[smart-school.in/article/how-to-check-payroll-report-1.html]
[smart-school.in/assets/article-media/humanresource-student-teacher reviews.png]
[smart-school.in/assets/article-media/humanresource-student-rating.png]
[smart-school.in/article/how-student-can-check-teacher-review.html]
[smart-school.in/assets/article-media/BARCODE-111.png]
[smart-school.in/assets/article-media/student barcode 1st ss.png]
[smart-school.in/assets/article-media/BARCODE 222.png]
[smart-school.in/assets/article-media/barcode 3rd ss.png]
[smart-school.in/assets/article-media/barcode 4th ss.png]
[smart-school.in/assets/article-media/barcode 5th ss.png]
[smart-school.in/article/how-to-add-barcode-in-student-id-card-and-his-profile.html]
[smart-school.in/assets/article-media/hostel-student-hostelroomslist.png]
[smart-school.in/article/how-student-can-view-hostel-rooms.html]
[smart-school.in/assets/article-media/transport-report.png]
[smart-school.in/article/how-to-check-transport-report.html]
[smart-school.in/assets/article-media/transport-student-transportroutelist.png.png]
[smart-school.in/assets/article-media/transport-assighnvichledetails.png]
[smart-school.in/article/how-student-can-view-transport-route-list.html]
[smart-school.in/assets/article-media/transport fees 01.png]
[smart-school.in/assets/article-media/percentage 03.png]
[smart-school.in/assets/article-media/transport fees master 2nd ss.png]
[smart-school.in/assets/article-media/transport fees master 3rd ss.png]
[smart-school.in/assets/article-media/transport fees master 4th ss.png]
[smart-school.in/assets/article-media/transport fees master 5th sss.png]
[smart-school.in/assets/article-media/transport fees master 6th ss.png]
[smart-school.in/assets/article-media/transport fees master 7th ss.png]
[smart-school.in/assets/article-media/transport fees master 8th ss.png]
[smart-school.in/article/how-to-manage-transport-fees-master.html]
[smart-school.in/assets/article-media/pickup point 1st ss.png]
[smart-school.in/assets/article-media/pickup point 2nd ss.png]
[smart-school.in/assets/article-media/pickup point 3rd ss.png]
[smart-school.in/assets/article-media/pickup point 4th ss.png]
[smart-school.in/assets/article-media/pickup point 5h ss.png]
[smart-school.in/article/how-to-add-pickup-point.html]
[smart-school.in/assets/article-media/Route pickup point 1st ss.png]
[smart-school.in/assets/article-media/Route pickup point 2nd ss.png]
[smart-school.in/assets/article-media/Route pickup point 3rd ss.png]
[smart-school.in/assets/article-media/Route pickup point 4th ss.png]
[smart-school.in/assets/article-media/Route pickup point 5th ss.png]
[smart-school.in/assets/article-media/Route pickup point 6th ss.png]
[smart-school.in/assets/article-media/Route pickup point 7th ss.png]
[smart-school.in/article/how-to-add-route-pickup-point.html]
[smart-school.in/assets/article-media/student transport fees 1st ss.png]
[smart-school.in/assets/article-media/student transport fees 2nd ss.png]
[smart-school.in/assets/article-media/student transport fees 3rd ss.png]
[smart-school.in/assets/article-media/student transport fees 4th ss.png]
[smart-school.in/article/how-to-assign-transport-fees-to-the-student.html]
[smart-school.in/assets/article-media/inventory-add-itemstock.png]
[smart-school.in/article/how-to-add-item-stock.html]
[smart-school.in/assets/article-media/inventory-issueitem.png]
[smart-school.in/assets/article-media/inventory-confirmreturn.png]
[smart-school.in/article/how-to-issue-item.html]
[smart-school.in/assets/article-media/inventory-stockreport.png]
[smart-school.in/article/how-to-check-stock-report.html]
[smart-school.in/assets/article-media/inventory-additemreport.png]
[smart-school.in/article/how-to-check-add-item-report.html]
[smart-school.in/assets/article-media/inventory-issueitemreport.png]
[smart-school.in/article/how-to-check-issue-item-report.html]
[smart-school.in/assets/article-media/library-report-bookissue.png]
[smart-school.in/article/how-to-check-book-issue-report.html]
[smart-school.in/assets/article-media/library-report-bookdue.png]
[smart-school.in/article/how-to-check-book-due-report.html]
[smart-school.in/assets/article-media/library-report-bookinventory.png]
[smart-school.in/article/how-to-check-book-inventory-report.html]
[smart-school.in/assets/article-media/library-report-bookissuereturn.png]
[smart-school.in/article/how-to-check-book-issue-return-report.html]
[smart-school.in/assets/article-media/library-booklist.png]
[smart-school.in/article/how-student-can-view-book-list.html]
[smart-school.in/assets/article-media/library-view-issuedbook.png]
[smart-school.in/article/how-student-can-view-issued-book-list.html]
[smart-school.in/assets/article-media/01 hw new report.png]
[smart-school.in/assets/article-media/Homework report 1st sss.png]
[smart-school.in/assets/article-media/homework submitted list 3rd ss.png]
[smart-school.in/assets/article-media/student count list 2nd ss.png]
[smart-school.in/assets/article-media/pending reports 4th ss.png]
[smart-school.in/article/how-to-check-homework-report.html]
[smart-school.in/article/how-to-check-homework-evaluation-report.html]
[smart-school.in/article/how-student-can-view-homework-list.html]
[smart-school.in/assets/article-media/01 student homework list.png]
[smart-school.in/assets/article-media/02 closed homework list.png]
[smart-school.in/assets/article-media/03 student homework details.png]
[smart-school.in/article/how-student-can-view-homework-list-1.html]
[smart-school.in/article/how-to-upload-content.html]
[smart-school.in/article/how-to-view-study-material.html]
[smart-school.in/article/how-to-view-syllabus.html]
[smart-school.in/assets/article-media/communicate-student-noticeboard.png]
[smart-school.in/article/how-student-can-view-notice-board.html]
[smart-school.in/assets/article-media/01 email template list.png]
[smart-school.in/assets/article-media/02 add email template.png]
[smart-school.in/assets/article-media/05 email template new.png]
[smart-school.in/assets/article-media/03 edit email template.png]
[smart-school.in/assets/article-media/04 delete email template.png]
[smart-school.in/article/how-to-create-email-template.html]
[smart-school.in/assets/article-media/01 SMS template.png]
[smart-school.in/assets/article-media/02 add sms template.png]
[smart-school.in/assets/article-media/05 new sms template.png]
[smart-school.in/assets/article-media/03 edit sms template.png]
[smart-school.in/assets/article-media/04 delete sms template.png]
[smart-school.in/article/how-to-create-sms-template.html]
[smart-school.in/assets/article-media/01 login credential send.png]
[smart-school.in/assets/article-media/04 new login credential send.png]
[smart-school.in/assets/article-media/03 login credential send message to.png]
[smart-school.in/assets/article-media/05 login credential notification type.png]
[smart-school.in/article/how-to-view-login-credentials-send.html]
[smart-school.in/assets/article-media/01 schedule email sms log.png]
[smart-school.in/assets/article-media/02 view edit.png]
[smart-school.in/assets/article-media/03 view edit details.png]
[smart-school.in/assets/article-media/04 delete schedule email sms log.png]
[smart-school.in/article/how-to-view-schedule-email-sms-log.html]
[smart-school.in/assets/article-media/expense-groupreport.png.png]
[smart-school.in/article/how-to-check-expense-group-report.html]
[smart-school.in/assets/article-media/income-groupreport.png]
[smart-school.in/article/how-to-check-income-group-report.html]
[smart-school.in/assets/article-media/student-login.png]
[smart-school.in/article/how-to-login-studentparent-panel.html]
[smart-school.in/assets/article-media/01 student profile page.png]
[smart-school.in/assets/article-media/02 profile.png]
[smart-school.in/assets/article-media/03 fees.png]
[smart-school.in/assets/article-media/04 exam.png]
[smart-school.in/assets/article-media/05 attendance.png]
[smart-school.in/assets/article-media/06 document .png]
[smart-school.in/assets/article-media/07 timeline.png]
[smart-school.in/assets/article-media/08 behaviour .png]
[smart-school.in/article/how-to-view-profile.html]
[smart-school.in/assets/article-media/student-class-time-table.png]
[smart-school.in/article/how-to-view-class-timetable.html]
[smart-school.in/assets/article-media/student-lesson-plan-list.png]
[smart-school.in/assets/article-media/student-lesson-plan.png]
[smart-school.in/article/how-to-check-lesson-plan-schedule.html]
[smart-school.in/assets/article-media/student-syllabus-status.png]
[smart-school.in/article/how-to-check-syllabus-status.html]
[smart-school.in/assets/article-media/01 online exam student site.png]
[smart-school.in/assets/article-media/02 upcoming exam student site.png]
[smart-school.in/assets/article-media/03 upcoming exam view option student site.png]
[smart-school.in/assets/article-media/04 start exam student site.png]
[smart-school.in/assets/article-media/05 confirm save.png]
[smart-school.in/assets/article-media/06 attempt student site.png]
[smart-school.in/assets/article-media/07 closed exam student site.png]
[smart-school.in/assets/article-media/08 view option in closed exam student site.png]
[smart-school.in/article/how-to-attempt-online-exam.html]
[smart-school.in/assets/article-media/01 apply leave student panel.png]
[smart-school.in/assets/article-media/02 student panel add leave.png]
[smart-school.in/assets/article-media/03 mail sent to teacher from student site.png]
[smart-school.in/assets/article-media/01 apply leave student panels.png]
[smart-school.in/assets/article-media/05 student panel edit leave option.png]
[smart-school.in/assets/article-media/06 student panel delete leave.png]
[smart-school.in/article/how-to-apply-leave-1.html]
[smart-school.in/assets/article-media/student-download-assignment.png]
[smart-school.in/article/how-to-download-uploaded-assignment.html]
[smart-school.in/assets/article-media/student-day-wise-attedance.png]
[smart-school.in/article/how-to-check-student-day-wise-monthly-attendance.html]
[smart-school.in/assets/article-media/student-examlist.png]
[smart-school.in/assets/article-media/student-exam-details.png]
[smart-school.in/article/how-student-can-check-exam-schedule-1.html]
[smart-school.in/assets/article-media/student-exam-result.png]
[smart-school.in/article/how-student-can-check-exam-result.html]
[smart-school.in/assets/article-media/student-check-notification.png]
[smart-school.in/article/how-student-can-view-message-in-notice-board.html]
[smart-school.in/assets/article-media/student-reviewlist.png]
[smart-school.in/assets/article-media/student-teacher-addrating.png]
[smart-school.in/article/how-to-add-teacher-s-review.html]
[smart-school.in/assets/article-media/student-booklist.png]
[smart-school.in/assets/article-media/student-issued-book-list.png]
[smart-school.in/article/how-to-view-books-list-in-library.html]
[smart-school.in/assets/article-media/student-transport-list.png]
[smart-school.in/assets/article-media/student-vehicle-details.png]
[smart-school.in/article/how-to-view-transport-routes-list.html]
[smart-school.in/assets/article-media/student-roomlist.png]
[smart-school.in/article/how-to-view-hostel-rooms.html]
[smart-school.in/article/version-7-0-0.html]
[smart-school.in/article/version-6-4-1.html]
[smart-school.in/article/version-6-4-0.html]
[smart-school.in/article/version-6-3-0.html]
[smart-school.in/article/version-6-2-0.html]
[smart-school.in/article/version-6-1-0.html]
[smart-school.in/article/version-6-0-0.html]
[smart-school.in/article/version-5-2-0.html]
[smart-school.in/article/version-5-1-0.html]
[smart-school.in/article/version-5-0-0.html]
[smart-school.in/article/version-4-2-0.html]
[smart-school.in/article/version-4-1-0.html]
[smart-school.in/article/version-4-0-0.html]
[smart-school.in/article/version-3-0-1.html]
[smart-school.in/article/version-3-0-0.html]
[smart-school.in/article/version-2-1-0.html]
[smart-school.in/article/version-2-0-0.html]
[smart-school.in/article/version-1-2-0.html]
[smart-school.in/article/version-1-0-1.html]
[smart-school.in/article/version-1-0-0.html]
[smart-school.in/article/version-4-0-2.html]
[smart-school.in/article/version-3-5.html]
[smart-school.in/article/version-3-4.html]
[smart-school.in/article/version-3-3.html]
[smart-school.in/article/version-3-2.html]
[smart-school.in/article/version-3-1.html]
[smart-school.in/article/version-3-0.html]
[smart-school.in/article/version-2-1.html]
[smart-school.in/article/version-2-0.html]
[smart-school.in/article/version-1-1.html]
[smart-school.in/article/version-1-0.html]
[smart-school.in/article/version-2-0-5.html]
[smart-school.in/article/version-1-0-8.html]
[smart-school.in/category/smart-school-cbse-examination.html]
[smart-school.in/category/smart-school-multi-branch.html]
[smart-school.in/article/version-2-0-6.html]
[smart-school.in/article/version-1-0-5.html]
[smart-school.in/article/version-2-0-7.html]
[smart-school.in/category/smart-school-two-factor-authentication.html]
[smart-school.in/article/version-1-1-2.html]
[smart-school.in/article/version-1-0-6.html]
[smart-school.in/article/version-2-0-4.html]
[smart-school.in/category/smart-school-behaviour-records.html]
[smart-school.in/article/version-1-1-1.html]
[smart-school.in/article/version-1-0-7.html]
[smart-school.in/category/smart-school-zoom-live-class.html]
[smart-school.in/article/version-6-0.html]
[smart-school.in/article/version-5-1.html]
[smart-school.in/article/version-5-0.html]
[smart-school.in/article/version-4-0.html]
[smart-school.in/article/version-3-0-2.html]
[smart-school.in/article/version-2-0-1.html]
[smart-school.in/article/version-1-0-2.html]
[smart-school.in/category/smart-school-gmeet-live-class.html]
[smart-school.in/article/version-5-0-1.html]
[smart-school.in/article/version-4-1.html]
[smart-school.in/article/version-4-0-1.html]
[smart-school.in/article/version-3-0-3.html]
[smart-school.in/article/version-2-0-2.html]
[smart-school.in/article/version-1-0-3.html]
[smart-school.in/category/smart-school-online-course.html]
[smart-school.in/article/version-3-0-4.html]
[smart-school.in/article/version-2-1-1.html]
[smart-school.in/article/version-2-0-3.html]
[smart-school.in/article/version-1-0-4.html]
[smart-school.in/category/smart-school-qr-code-attendance.html]
[smart-school.in/category/smart-school-android-app.html]
[smart-school.in/article/smart-school-version-6-0-0.html]
[smart-school.in/category/smart-school.html]
[smart-school.in/ssba-docs/assets/css/bootstrap.min.css]
[smart-school.in/ssba-docs/assets/fonts/fontawesome-webfont3295.eot]
[smart-school.in/ssba-docs/assets/fonts/fontawesome-webfontd41d.eot]
[smart-school.in/ssba-docs/assets/fonts/fontawesome-webfont3295.woff2]
[smart-school.in/ssba-docs/assets/fonts/fontawesome-webfont3295.woff]
[smart-school.in/ssba-docs/assets/fonts/fontawesome-webfont3295.ttf]
[smart-school.in/ssba-docs/assets/css/font-awesome.min.css]
[smart-school.in/ssba-docs/assets/css/docmain.min.css]
[smart-school.in/ssba-docs/assets/css/_all-skins.min.css]
[smart-school.in/ssba-docs/assets/css/style.css]
[smart-school.in/docs/assets/fonts/glyphicons-halflings-regular.html]
[smart-school.in/docs/assets/fonts/glyphicons-halflings-regulard41d.html]
[smart-school.in/docs/assets/fonts/glyphicons-halflings-regular-2.html]
[smart-school.in/docs/assets/fonts/glyphicons-halflings-regular-3.html]
[smart-school.in/docs/assets/fonts/glyphicons-halflings-regular-4.html]
[smart-school.in/docs/assets/fonts/glyphicons-halflings-regular-5.html]
[smart-school.in/docs/assets/fonts/fontawesome-webfont3295.svg]
[smart-school.in/docs/assets/img/boxed-bg.html]
[smart-school.in/category/smart-school-cbse-examination.html]
[smart-school.in/category/smart-school-multi-branch.html]
[smart-school.in/category/smart-school-two-factor-authentication.html]
[smart-school.in/category/smart-school-behaviour-records.html]
[smart-school.in/category/smart-school-zoom-live-class.html]
[smart-school.in/category/smart-school-gmeet-live-class.html]
[smart-school.in/category/smart-school-online-course.html]
[smart-school.in/ssba-docs/assets/fonts/glyphicons-halflings-regular.html]
[smart-school.in/ssba-docs/assets/fonts/glyphicons-halflings-regulard41d.html]
[smart-school.in/ssba-docs/assets/fonts/glyphicons-halflings-regular-2.html]
[smart-school.in/ssba-docs/assets/fonts/glyphicons-halflings-regular-3.html]
[smart-school.in/ssba-docs/assets/fonts/glyphicons-halflings-regular-4.html]
[smart-school.in/ssba-docs/assets/fonts/glyphicons-halflings-regular-5.html]
[smart-school.in/ssba-docs/assets/fonts/fontawesome-webfont3295.svg]
[smart-school.in/ssba-docs/assets/img/boxed-bg.html]
